mountain,location,img_url
Mount Whitney,"California, United States, North America",https://sp-images.summitpost.org/469726.JPG?auto=format&fit=max&h=800&ixlib=php-2.1.1&q=35&s=7225b40bb8b15a1e3df43067fc820375
Mount Rainier,"Washington, United States, North America",https://sp-images.summitpost.org/457178.jpg?auto=format&fit=max&h=800&ixlib=php-2.1.1&q=35&s=2dfab48d42c4250081216e0e7b8c6859
Mount Shasta,"California, United States, North America",https://sp-images.summitpost.org/878331.jpg?auto=format&fit=max&h=800&ixlib=php-2.1.1&q=35&s=08e7844750df801767744669e8332445
Mount Hood,"Oregon, United States, North America",https://sp-images.summitpost.org/5175.jpg?auto=format&fit=max&h=800&ixlib=php-2.1.1&q=35&s=ffbf19e89a8b2c7d5636212ed8cfef07
Denali,"Alaska, United States, North America",https://sp-images.summitpost.org/831080.JPG?auto=format&fit=max&h=800&ixlib=php-2.1.1&q=35&s=ea9d60af187f59aaa431751630147e6c
Mount Elbert,"Colorado, United States, North America",https://sp-images.summitpost.org/844972.JPG?auto=format&fit=max&h=800&ixlib=php-2.1.1&q=35&s=f4f06068bb1c1afaacd291d6a7a82376
Katahdin,"Maine, United States, North America",https://sp-images.summitpost.org/74769.jpg?auto=format&fit=max&h=800&ixlib=php-2.1.1&q=35&s=6aa8b172c81aa9b18ca87afa7a840566
Aconcagua,"Mendoza, Argentina, South America",https://sp-images.summitpost.org/146685.jpg?auto=format&fit=max&h=800&ixlib=php-2.1.1&q=35&s=6394242ace4e897fffe7217d82253c64
Mount Adams,"Washington, United States, North America",https://sp-images.summitpost.org/80003.jpg?auto=format&fit=max&h=800&ixlib=php-2.1.1&q=35&s=ef5fe017e861da651c3d47c787ecb5a9
Grand Teton,"Wyoming, United States, North America",https://sp-images.summitpost.org/844255.jpg?auto=format&fit=max&h=800&ixlib=php-2.1.1&q=35&s=02f8137e99ad7158fee812f6960bf234
Longs Peak,"Colorado, United States, North America",https://sp-images.summitpost.org/14771.JPG?auto=format&fit=max&h=800&ixlib=php-2.1.1&q=35&s=17234c5f526f188102e93e55f2396304
Matterhorn - Monte Cervino,"Valais, Italy/Switzerland, Europe",https://sp-images.summitpost.org/912976.jpg?auto=format&fit=max&h=800&ixlib=php-2.1.1&q=35&s=790ea5f1034f4fe931ed22fec25027c0
Mont Blanc,"Haute-Savoie/Aosta (Mont Blanc), France/Italy, Europe",https://sp-images.summitpost.org/935910.jpeg?auto=format&fit=max&h=800&ixlib=php-2.1.1&q=35&s=acb52d5e8837b12b3dc67d7b7132830c
Eiger,"Switzerland, Europe",https://sp-images.summitpost.org/890677.jpg?auto=format&fit=max&h=800&ixlib=php-2.1.1&q=35&s=7305be0929d35ad4cbbb60673e503b48
Mount Mansfield,"Vermont, United States, North America",https://sp-images.summitpost.org/314302.JPG?auto=format&fit=max&h=800&ixlib=php-2.1.1&q=35&s=af31ec2cca08fcfa5dc796b7a4026c48
Humphreys Peak,"Arizona, United States, North America",https://sp-images.summitpost.org/590224.jpg?auto=format&fit=max&h=800&ixlib=php-2.1.1&q=35&s=8fea810068b2109d2b047ff4810b9391
Hatu Peak,"Himachal Pradesh, India, Asia",https://sp-images.summitpost.org/110195.jpg?auto=format&fit=max&h=800&ixlib=php-2.1.1&q=35&s=70d9b871a80334c747e7acdc8d99cd17
Wheeler Peak (NM),"New Mexico, United States, North America",https://sp-images.summitpost.org/482332.JPG?auto=format&fit=max&h=800&ixlib=php-2.1.1&q=35&s=39e090070de06216a7ce79784e89a3c6
Mt. Timpanogos (UT),"Utah, United States, North America",https://sp-images.summitpost.org/88512.jpg?auto=format&fit=max&h=800&ixlib=php-2.1.1&q=35&s=9bdbe1e560f058ed8d1fbfaae62af9e2
Mount Baker,"Washington, United States, North America",https://sp-images.summitpost.org/286073.JPG?auto=format&fit=max&h=800&ixlib=php-2.1.1&q=35&s=f245b2d13165f740b8cb6a8b7d9ccb98
Pico de Orizaba,"Puebla, Mexico, North America",https://sp-images.summitpost.org/781983.jpg?auto=format&fit=max&h=800&ixlib=php-2.1.1&q=35&s=aa8c230ba357855e24bd57d7b6491a9b
Mount Marcy,"New York, United States, North America",https://sp-images.summitpost.org/19778.jpg?auto=format&fit=max&h=800&ixlib=php-2.1.1&q=35&s=d0c2e1fa3b6c105d9ea69e5da005ace9
Mount Washington,"New Hampshire, United States, North America",https://sp-images.summitpost.org/3521.jpg?auto=format&fit=max&h=800&ixlib=php-2.1.1&q=35&s=1fd3a7379260904f84d786230317e77a
Kings Peak,"Utah, United States, North America",https://sp-images.summitpost.org/318620.JPG?auto=format&fit=max&h=800&ixlib=php-2.1.1&q=35&s=a20c52a1bb345958fe470a6c3ec02620
Mount Elbrus,"Mineralinye Vody, Russia, Europe",https://sp-images.summitpost.org/40055.jpg?auto=format&fit=max&h=800&ixlib=php-2.1.1&q=35&s=214ad899e6a845c1a8b716aee896b0f2
Everest,"Tibet/Khumbu, China/Nepal, Asia",https://sp-images.summitpost.org/40166.JPG?auto=format&fit=max&h=800&ixlib=php-2.1.1&q=35&s=384633737a853083819166ecc52baf43
K2,"China/Pakistan, Asia",https://sp-images.summitpost.org/290453.jpg?auto=format&fit=max&h=800&ixlib=php-2.1.1&q=35&s=98ea370ad83e86231f3cc8323cb8500b
San Gorgonio,"California, United States, North America",https://sp-images.summitpost.org/18670.JPG?auto=format&fit=max&h=800&ixlib=php-2.1.1&q=35&s=8e8f770cda70c8bda33100581ad0ff38
Mera Peak,"Hinku Valley, Nepal, Asia",https://sp-images.summitpost.org/66375.jpg?auto=format&fit=max&h=800&ixlib=php-2.1.1&q=35&s=8e9ef65db278054b095ba5ba84817dfd
Mount Rogers,"Virginia, United States, North America",https://sp-images.summitpost.org/682103.JPG?auto=format&fit=max&h=800&ixlib=php-2.1.1&q=35&s=40589b39b315ec81b13ff05d7c8bd971
Gannett Peak,"Wyoming, United States, North America",https://sp-images.summitpost.org/205165.jpg?auto=format&fit=max&h=800&ixlib=php-2.1.1&q=35&s=5e047ec04fa7bcbd647da429f2095a4a
White Mountain Peak,"California, United States, North America",https://sp-images.summitpost.org/207756.jpg?auto=format&fit=max&h=800&ixlib=php-2.1.1&q=35&s=e7094c2365484f9ebc9c4ef014568ba8
Granite Peak,"Montana, United States, North America",https://sp-images.summitpost.org/763961.jpg?auto=format&fit=max&h=800&ixlib=php-2.1.1&q=35&s=c005ecfd65a960aa65fdc0ed52e21df2
Triglav,"Julian Alps, Slovenia, Europe",https://sp-images.summitpost.org/99574.jpg?auto=format&fit=max&h=800&ixlib=php-2.1.1&q=35&s=60c30923c4d820ffe00fba2a47a874aa
Mount San Antonio (Mount Baldy),"California, United States, North America",https://sp-images.summitpost.org/340110.jpg?auto=format&fit=max&h=800&ixlib=php-2.1.1&q=35&s=c6575085785789d7c902fd38bdca40eb
South Sister,"Oregon, United States, North America",https://sp-images.summitpost.org/201268.jpg?auto=format&fit=max&h=800&ixlib=php-2.1.1&q=35&s=41f0d9e66c5c072993138cde4cd4114e
Charleston Peak,"Nevada, United States, North America",https://sp-images.summitpost.org/293292.jpg?auto=format&fit=max&h=800&ixlib=php-2.1.1&q=35&s=aa64c7b3b81b1d315e94255bbdcecf8a
Black Elk Peak / Harney Peak,"South Dakota, United States, North America",https://sp-images.summitpost.org/1026600.jpg?auto=format&fit=max&h=800&ixlib=php-2.1.1&q=35&s=b77e349a5efbc4547116c3e7342096e7
Grossglockner,"Carinthia / Tyrol (Glockner group), Austria, Europe",https://sp-images.summitpost.org/329013.jpg?auto=format&fit=max&h=800&ixlib=php-2.1.1&q=35&s=b7448a141dbd0ba30cf1d64de25fd42d
Borah Peak,"Idaho, United States, North America",https://sp-images.summitpost.org/209027.jpg?auto=format&fit=max&h=800&ixlib=php-2.1.1&q=35&s=64b0a988300364136d2a5f30f5308841
Glacier Peak,"Washington, United States, North America",https://sp-images.summitpost.org/813433.jpg?auto=format&fit=max&h=800&ixlib=php-2.1.1&q=35&s=08684e697248755376c369485c66d98b
Mount Langley,"California, United States, North America",https://sp-images.summitpost.org/133667.jpg?auto=format&fit=max&h=800&ixlib=php-2.1.1&q=35&s=5256a93469939532c4c786ced42d89e9
Mount Shuksan,"Washington, United States, North America",https://sp-images.summitpost.org/268194.JPG?auto=format&fit=max&h=800&ixlib=php-2.1.1&q=35&s=c0b713c8fe54b6bd1c20a92c5c614dc7
San Jacinto Peak,"California, United States, North America",https://sp-images.summitpost.org/878739.jpg?auto=format&fit=max&h=800&ixlib=php-2.1.1&q=35&s=649fc9260180a7e222579379aaf0f004
Pikes Peak,"Colorado, United States, North America",https://sp-images.summitpost.org/126200.jpg?auto=format&fit=max&h=800&ixlib=php-2.1.1&q=35&s=c8ce953d31b8c80f43a5443ac0e45e10
Cotopaxi,"Cotopaxi, Ecuador, South America",https://sp-images.summitpost.org/599065.JPG?auto=format&fit=max&h=800&ixlib=php-2.1.1&q=35&s=bc2d3a8099cd595c3c39dbe8937ab958
Mount Jefferson,"Oregon, United States, North America",https://sp-images.summitpost.org/115446.JPG?auto=format&fit=max&h=800&ixlib=php-2.1.1&q=35&s=1d64ed727fd500ef2944406ed5a26ff0
Chimborazo,"Chimborazo, Ecuador, South America",https://sp-images.summitpost.org/262850.jpg?auto=format&fit=max&h=800&ixlib=php-2.1.1&q=35&s=e29efcac3ee7d967c589adb05972785d
Kilimanjaro,"Tanzania, Africa",https://sp-images.summitpost.org/2261.JPG?auto=format&fit=max&h=800&ixlib=php-2.1.1&q=35&s=a3935c03fa64486c3ebd189ed9849cef
Mount Greylock,"Massachusetts, United States, North America",https://sp-images.summitpost.org/756669.JPG?auto=format&fit=max&h=800&ixlib=php-2.1.1&q=35&s=3c07d0cfac07f37593b2bb26242c5ad0
Mount Olympus,"Washington, United States, North America",https://sp-images.summitpost.org/265016.jpg?auto=format&fit=max&h=800&ixlib=php-2.1.1&q=35&s=3bb0e795145673e594a4d65d813320a7
Quandary Peak,"Colorado, United States, North America",https://sp-images.summitpost.org/322277.JPG?auto=format&fit=max&h=800&ixlib=php-2.1.1&q=35&s=35b98ea0c9432faaf15d544f38055497
Mount Williamson,"California, United States, North America",https://sp-images.summitpost.org/147967.jpg?auto=format&fit=max&h=800&ixlib=php-2.1.1&q=35&s=273cb624802b33665244e41432612793
Mount Massive,"Colorado, United States, North America",https://sp-images.summitpost.org/658973.jpg?auto=format&fit=max&h=800&ixlib=php-2.1.1&q=35&s=06f2918cb1a47f2dd13bce0168d6374a
"Holy Cross, Mount of the","Colorado, United States, North America",https://sp-images.summitpost.org/621957.JPG?auto=format&fit=max&h=800&ixlib=php-2.1.1&q=35&s=9925941d9fc46d804b48c422e0bb3e25
Mount Stuart,"Washington, United States, North America",https://sp-images.summitpost.org/222341.JPG?auto=format&fit=max&h=800&ixlib=php-2.1.1&q=35&s=5598afdc17b29eefec35992e14c01798
Boundary Peak (Nevada),"Nevada, United States, North America",https://sp-images.summitpost.org/8319.jpg?auto=format&fit=max&h=800&ixlib=php-2.1.1&q=35&s=4869a8ae4dbf700863b789e626027bb8
Ama Dablam,"Khumbu Himal, Nepal, Asia",https://sp-images.summitpost.org/45141.jpg?auto=format&fit=max&h=800&ixlib=php-2.1.1&q=35&s=51ccbb0acdc0bf3d5cb1a422955ed3d4
Mount Sneffels,"Colorado, United States, North America",https://sp-images.summitpost.org/416625.jpg?auto=format&fit=max&h=800&ixlib=php-2.1.1&q=35&s=45bb1dc88010afa8d9ba10c5da7a10bf
Mount Mitchell,"North Carolina, United States, North America",https://sp-images.summitpost.org/615279.JPG?auto=format&fit=max&h=800&ixlib=php-2.1.1&q=35&s=7923873bd5bb21e3cf20b69faaab3499
Nanga Parbat,"The Northern Areas, Pakistan, Asia",https://sp-images.summitpost.org/16780.jpg?auto=format&fit=max&h=800&ixlib=php-2.1.1&q=35&s=e27688ac74c87fd28f9290ef8d5ac1f0
Mount Saint Helens,"Washington, United States, North America",https://sp-images.summitpost.org/210746.jpg?auto=format&fit=max&h=800&ixlib=php-2.1.1&q=35&s=2c953e262e116d526fef4e4f14c1d8d9
Veľka Svišťovka (Rakuska Czuba),"Slovakia, Europe",https://sp-images.summitpost.org/388598.jpg?auto=format&fit=max&h=800&ixlib=php-2.1.1&q=35&s=6abdbb850b23c39670abf8021933e1b1
Grandes Jorasses,"Valle D'Aosta / Haute Savoie, France, Europe",https://sp-images.summitpost.org/414953.jpg?auto=format&fit=max&h=800&ixlib=php-2.1.1&q=35&s=1d40bdca4e9e554b0d931d86f6bdcc37
Ojos del Salado,"Catamarca (Arg.) - Atacama (Chi.), Argentina/Chile, South America",https://sp-images.summitpost.org/180825.jpg?auto=format&fit=max&h=800&ixlib=php-2.1.1&q=35&s=343f4a1066e8ca28201f3ac36c8a87a5
Mount Lafayette,"New Hampshire, United States, North America",https://sp-images.summitpost.org/48336.jpg?auto=format&fit=max&h=800&ixlib=php-2.1.1&q=35&s=0f056a9f746a3a3d4f3ae5cd1189ce8c
Huascarán Sur,"Ancash, Peru, South America",https://sp-images.summitpost.org/432655.JPG?auto=format&fit=max&h=800&ixlib=php-2.1.1&q=35&s=465e08ebdaec443435ca45abe48e9e00
Pik Lenin,"Gorno-Badakhshan A.O., Kyrgyzstan/Tajikistan, Asia",https://sp-images.summitpost.org/223432.jpg?auto=format&fit=max&h=800&ixlib=php-2.1.1&q=35&s=dcec068d8d4d70f922e193dc4170b01b
Matterhorn Peak,"California, United States, North America",https://sp-images.summitpost.org/514436.jpg?auto=format&fit=max&h=800&ixlib=php-2.1.1&q=35&s=04de525fb00e8ad5045249619d5d484b
Cho Oyu,"China/Nepal, Asia",https://sp-images.summitpost.org/37119.JPG?auto=format&fit=max&h=800&ixlib=php-2.1.1&q=35&s=b26ddab294b65776f30bb6c84aa150d6
Mauna Kea,"Hawaii, United States, Australia/Oceana",https://sp-images.summitpost.org/15440.jpg?auto=format&fit=max&h=800&ixlib=php-2.1.1&q=35&s=644349d4ddfe3d7213d4ecc5bf9efb8c
Guadalupe Peak,"Texas, United States, North America",https://sp-images.summitpost.org/50169.JPG?auto=format&fit=max&h=800&ixlib=php-2.1.1&q=35&s=9a0d80ebdfadbcdc7bb762ea81f272d0
Mount Evans,"Colorado, United States, North America",https://sp-images.summitpost.org/203817.jpg?auto=format&fit=max&h=800&ixlib=php-2.1.1&q=35&s=4869af48f6901c2ffbb7b268c5e4686f
Algonquin Peak,"New York, United States, North America",https://sp-images.summitpost.org/2670.jpg?auto=format&fit=max&h=800&ixlib=php-2.1.1&q=35&s=0d1de1bdeba8a9e754eb973c39b377d0
Half Dome,"California, United States, North America",https://sp-images.summitpost.org/401532.jpg?auto=format&fit=max&h=800&ixlib=php-2.1.1&q=35&s=daa960c8d4d20e2b6d6c70b56787aac0
Old Rag Mountain,"Virginia, United States, North America",https://sp-images.summitpost.org/582423.JPG?auto=format&fit=max&h=800&ixlib=php-2.1.1&q=35&s=babac3318016c3b18138a7aa2630298d
Kailash,"Xizang (Tibet), China, Asia",https://sp-images.summitpost.org/36506.jpg?auto=format&fit=max&h=800&ixlib=php-2.1.1&q=35&s=f29b4765937aaa49bb34e9af098d9aba
Mount Rose (Nevada),"Nevada, United States, North America",https://sp-images.summitpost.org/213742.JPG?auto=format&fit=max&h=800&ixlib=php-2.1.1&q=35&s=27539df6814d52a6be00b366b7176a7d
Mount Russell,"California, United States, North America",https://sp-images.summitpost.org/14003.jpg?auto=format&fit=max&h=800&ixlib=php-2.1.1&q=35&s=56a49807a2d28f5f833e30840f24feb7
Alpamayo,"Ancash, Peru, South America",https://sp-images.summitpost.org/509597.jpg?auto=format&fit=max&h=800&ixlib=php-2.1.1&q=35&s=8978e5a3e5bf588dfb073a3c9ec31d10
Sassafras Mountain,"South Carolina, United States, North America",https://sp-images.summitpost.org/200532.JPG?auto=format&fit=max&h=800&ixlib=php-2.1.1&q=35&s=82af4a46f85c5beeef26da4012995b2b
Grays Peak,"Colorado, United States, North America",https://sp-images.summitpost.org/1575.jpg?auto=format&fit=max&h=800&ixlib=php-2.1.1&q=35&s=83579e31fbaa366e6479e58b1973a563
Clingmans Dome,"Tennessee, United States, North America",https://sp-images.summitpost.org/32450.jpg?auto=format&fit=max&h=800&ixlib=php-2.1.1&q=35&s=66df0acd5cb59b2e583b1ad7e6937cc9
Mount Bierstadt,"Colorado, United States, North America",https://sp-images.summitpost.org/7658.JPG?auto=format&fit=max&h=800&ixlib=php-2.1.1&q=35&s=3ca257070daeed39694419cb64615aa9
Spruce Knob,"West Virginia, United States, North America",https://sp-images.summitpost.org/75745.JPG?auto=format&fit=max&h=800&ixlib=php-2.1.1&q=35&s=a236c327725feee9e7fa333999c5767a
Capitol Peak,"Colorado, United States, North America",https://sp-images.summitpost.org/592109.jpg?auto=format&fit=max&h=800&ixlib=php-2.1.1&q=35&s=fa38e24f4ee8f03dd85a1376c20bf2cc
Jacks Mountain (1000 Steps),"Pennsylvania, United States, North America",https://sp-images.summitpost.org/349887.JPG?auto=format&fit=max&h=800&ixlib=php-2.1.1&q=35&s=7b939a5be2a659eaa604c965b15e8bf1
Tikaboo Peak,"Nevada, United States, North America",https://sp-images.summitpost.org/87171.jpg?auto=format&fit=max&h=800&ixlib=php-2.1.1&q=35&s=fb6e37f746ebfeeffad27645367da4bf
Mount Thielsen,"Oregon, United States, North America",https://sp-images.summitpost.org/696552.JPG?auto=format&fit=max&h=800&ixlib=php-2.1.1&q=35&s=2b929ba77bd3c048db01235c2f59fb87
Mount Dana,"California, United States, North America",https://sp-images.summitpost.org/7149.jpg?auto=format&fit=max&h=800&ixlib=php-2.1.1&q=35&s=86c159b420bd389a855220d93c973808
Gran Paradiso,"Aosta Valley/Piedmont, Italy, Europe",https://sp-images.summitpost.org/226229.jpg?auto=format&fit=max&h=800&ixlib=php-2.1.1&q=35&s=a3da30319364de8d7cd754702433a219
Mount Davis,"Pennsylvania, United States, North America",https://sp-images.summitpost.org/121642.JPG?auto=format&fit=max&h=800&ixlib=php-2.1.1&q=35&s=75fd34fcc2980e2c8215bcb7517e3ec0
Zugspitze,"Tirol / Bavaria, Austria/Germany, Europe",https://sp-images.summitpost.org/4519.jpg?auto=format&fit=max&h=800&ixlib=php-2.1.1&q=35&s=7c8ef2b00edd8b44e04459a6173a8c14
Mount Kenya,"Kenya, Africa",https://sp-images.summitpost.org/41577.jpg?auto=format&fit=max&h=800&ixlib=php-2.1.1&q=35&s=4b8a1e9d6cff61aa7a8903a8f4adcf15
Mount Conness,"California, United States, North America",https://sp-images.summitpost.org/455097.JPG?auto=format&fit=max&h=800&ixlib=php-2.1.1&q=35&s=750d45a57206cb4cab16e40e1e42122d
Mount Tallac,"California, United States, North America",https://sp-images.summitpost.org/632965.JPG?auto=format&fit=max&h=800&ixlib=php-2.1.1&q=35&s=b8bf4b68046174061f4fa370a11c9c1a
Eldorado Peak,"Washington, United States, North America",https://sp-images.summitpost.org/699452.jpg?auto=format&fit=max&h=800&ixlib=php-2.1.1&q=35&s=fa752929152de739f96fefdb8e2e96e6
Kangchenjunga,"India/Nepal, Asia",https://sp-images.summitpost.org/104694.jpg?auto=format&fit=max&h=800&ixlib=php-2.1.1&q=35&s=8f9f517df238a949e61229be26b7f125
Santiago Peak,"California, United States, North America",https://sp-images.summitpost.org/79315.jpg?auto=format&fit=max&h=800&ixlib=php-2.1.1&q=35&s=7b936aa73d0b4dda5906fb83f244f2b5
Khan Tengri,"Central Tien Shan Range, Kazakhstan/Kyrgyzstan, Asia",https://sp-images.summitpost.org/188536.jpg?auto=format&fit=max&h=800&ixlib=php-2.1.1&q=35&s=cb789724e7035b38ad1638c740764161
Lassen Peak,"California, United States, North America",https://sp-images.summitpost.org/813435.jpg?auto=format&fit=max&h=800&ixlib=php-2.1.1&q=35&s=d067d5b7e6a72fa36099c345c3a920aa
North Palisade,"California, United States, North America",https://sp-images.summitpost.org/816.jpg?auto=format&fit=max&h=800&ixlib=php-2.1.1&q=35&s=3f5d9b196d0187c190f7be41f66e473a
Iztaccihuatl,"Puebla, Mexico, North America",https://sp-images.summitpost.org/234358.jpg?auto=format&fit=max&h=800&ixlib=php-2.1.1&q=35&s=1210b7c4dc347efe4c3265e6d5c9f821
Ben Nevis,"Lochaber, Scotland, Europe",https://sp-images.summitpost.org/185733.JPG?auto=format&fit=max&h=800&ixlib=php-2.1.1&q=35&s=8f29bf13dc84a57c0ee1c48d9af990fe
Mount Robson,"British Columbia, Canada, North America",https://sp-images.summitpost.org/25139.jpg?auto=format&fit=max&h=800&ixlib=php-2.1.1&q=35&s=a41d4c174fca5178228a75348d2e4412
Blanca Peak,"Colorado, United States, North America",https://sp-images.summitpost.org/487945.JPG?auto=format&fit=max&h=800&ixlib=php-2.1.1&q=35&s=88548cfbcd82b629593253143c26f7aa
Cloud Peak,"Wyoming, United States, North America",https://sp-images.summitpost.org/551675.jpg?auto=format&fit=max&h=800&ixlib=php-2.1.1&q=35&s=833bf4f7a02aeebab1ee4535141e62fd
Tumbledown Mountain,"Maine, United States, North America",https://sp-images.summitpost.org/196801.JPG?auto=format&fit=max&h=800&ixlib=php-2.1.1&q=35&s=df6addf2318ca930599f35ce5bd28e72
Pyramid Peak,"California, United States, North America",https://sp-images.summitpost.org/548834.JPG?auto=format&fit=max&h=800&ixlib=php-2.1.1&q=35&s=2dcbd664b83e0fac354f370b71388c12
Mount Sill,"California, United States, North America",https://sp-images.summitpost.org/113616.JPG?auto=format&fit=max&h=800&ixlib=php-2.1.1&q=35&s=7c92f54f7e166ac539a8fe66088bcada
Dufourspitze,"Valais, Switzerland, Europe",https://sp-images.summitpost.org/3323.JPG?auto=format&fit=max&h=800&ixlib=php-2.1.1&q=35&s=9c5e86253fadeb8fe4e015e4fd12ecf5
El Capitan,"California, United States, North America",https://sp-images.summitpost.org/20552.jpg?auto=format&fit=max&h=800&ixlib=php-2.1.1&q=35&s=0936f0f6fa141693ca884e17b84b9ea1
Muztagh Ata,"Xinjiang, China, Asia",https://sp-images.summitpost.org/121947.jpg?auto=format&fit=max&h=800&ixlib=php-2.1.1&q=35&s=7f54726db867f9a296f9f0a735894f46
Broken Top,"Oregon, United States, North America",https://sp-images.summitpost.org/1006435.jpg?auto=format&fit=max&h=800&ixlib=php-2.1.1&q=35&s=6108ddcf267aa058a8c9f3c1830f65e6
Cathedral Peak,"California, United States, North America",https://sp-images.summitpost.org/23277.jpg?auto=format&fit=max&h=800&ixlib=php-2.1.1&q=35&s=cf0c2c4dbafcecb07f715e5ecfe48c72
Jbel Toubkal,"Haut Atlas, Morocco, Africa",https://sp-images.summitpost.org/5523.jpg?auto=format&fit=max&h=800&ixlib=php-2.1.1&q=35&s=72727c427f04feecbe9ad75300767bd8
Mount Lyell,"California, United States, North America",https://sp-images.summitpost.org/55893.jpg?auto=format&fit=max&h=800&ixlib=php-2.1.1&q=35&s=299056c68852d1542eff7d40a21286d0
Mount Nebo,"Utah, United States, North America",https://sp-images.summitpost.org/571168.jpg?auto=format&fit=max&h=800&ixlib=php-2.1.1&q=35&s=6825c181c0e805fbfc531f528efecb9b
Aiguille du Midi,"Mont Blanc, France, Europe",https://sp-images.summitpost.org/11484.JPG?auto=format&fit=max&h=800&ixlib=php-2.1.1&q=35&s=e9d815d3b7ae7a954a6a59db36e79364
Telescope Peak,"California, United States, North America",https://sp-images.summitpost.org/32930.jpg?auto=format&fit=max&h=800&ixlib=php-2.1.1&q=35&s=33ac519b3346fd189ce5aa33363e455d
Split Mountain,"California, United States, North America",https://sp-images.summitpost.org/35826.JPG?auto=format&fit=max&h=800&ixlib=php-2.1.1&q=35&s=ed5820a0049eadc99c6c82ee43a84d55
Annapurna I,"Nepal, Asia",https://sp-images.summitpost.org/73559.jpg?auto=format&fit=max&h=800&ixlib=php-2.1.1&q=35&s=cff7847cdecdf0e47827e2ca903a8f6b
Cerro Torre,"Parque Nacional Los Glaciares, Argentina, South America",https://sp-images.summitpost.org/34088.jpg?auto=format&fit=max&h=800&ixlib=php-2.1.1&q=35&s=d8c21a0bbb989ffcac778f1dec5b2700
Wheeler Peak,"Nevada, United States, North America",https://sp-images.summitpost.org/202127.jpg?auto=format&fit=max&h=800&ixlib=php-2.1.1&q=35&s=c42248c36cdc399f9b8139d7eef9dcd4
Black Mountain (KY),"Kentucky, United States, North America",https://sp-images.summitpost.org/79578.jpg?auto=format&fit=max&h=800&ixlib=php-2.1.1&q=35&s=1efeebcbe8a73ec4ea9b96d4b4bd486a
Sahale Mountain,"Washington, United States, North America",https://sp-images.summitpost.org/602688.jpg?auto=format&fit=max&h=800&ixlib=php-2.1.1&q=35&s=2c0a99085718d01a005d034d97319d1d
Backbone Mountain,"Maryland, United States, North America",https://sp-images.summitpost.org/957274.jpg?auto=format&fit=max&h=800&ixlib=php-2.1.1&q=35&s=1ffcf393309d5cd59de34a8c942ac9ed
James Peak & St. Mary's Glacier,"Colorado, United States, North America",https://sp-images.summitpost.org/713906.jpg?auto=format&fit=max&h=800&ixlib=php-2.1.1&q=35&s=80efe9f3488613d95c5d06aed4006334
Jungfrau,"Bernese oberland, Switzerland, Europe",https://sp-images.summitpost.org/224094.JPG?auto=format&fit=max&h=800&ixlib=php-2.1.1&q=35&s=9a4b685d87ea6e7a6b0cfb2a86042b0f
Mount Cardigan,"New Hampshire, United States, North America",https://sp-images.summitpost.org/19083.jpg?auto=format&fit=max&h=800&ixlib=php-2.1.1&q=35&s=11296410de5e549d1edd26a84aef6bb7
Mount Ritter,"California, United States, North America",https://sp-images.summitpost.org/600898.jpg?auto=format&fit=max&h=800&ixlib=php-2.1.1&q=35&s=7a5067fa0e47651e1fbcba5f7b4b20c7
Middle Sister,"Oregon, United States, North America",https://sp-images.summitpost.org/13469.jpg?auto=format&fit=max&h=800&ixlib=php-2.1.1&q=35&s=6b7ff852a386f4542a176376cb0bc2cc
Mount Saint Helena,"California, United States, North America",https://sp-images.summitpost.org/483475.jpg?auto=format&fit=max&h=800&ixlib=php-2.1.1&q=35&s=1d5170a9a8e8141b5b42521d047cc794
Breithorn,"Valle d'Aosta/Wallis, Italy/Switzerland, Europe",https://sp-images.summitpost.org/11612.jpg?auto=format&fit=max&h=800&ixlib=php-2.1.1&q=35&s=aa80c38f1ede1e45aa5af45fb1872309
Lone Peak,"Utah, United States, North America",https://sp-images.summitpost.org/334351.JPG?auto=format&fit=max&h=800&ixlib=php-2.1.1&q=35&s=312be0256acf56fef097cca1bbf3f52c
Freel Peak,"California, United States, North America",https://sp-images.summitpost.org/400657.JPG?auto=format&fit=max&h=800&ixlib=php-2.1.1&q=35&s=a70750923b2342b5e3ab674ccd2087e6
Glyder Fawr,"Snowdonia, Wales, Europe",https://sp-images.summitpost.org/586896.jpg?auto=format&fit=max&h=800&ixlib=php-2.1.1&q=35&s=4e3c9b8efe909ee04c95ff96c78eec40
Mount LeConte,"Tennessee, United States, North America",https://sp-images.summitpost.org/34160.jpg?auto=format&fit=max&h=800&ixlib=php-2.1.1&q=35&s=e71a4ebedf621bb65de64d2ac2532025
Mount McLoughlin,"Oregon, United States, North America",https://sp-images.summitpost.org/344599.JPG?auto=format&fit=max&h=800&ixlib=php-2.1.1&q=35&s=aea5dc63f2d149f3c399cfddb76d23e2
Crestone Needle,"Colorado, United States, North America",https://sp-images.summitpost.org/643576.jpg?auto=format&fit=max&h=800&ixlib=php-2.1.1&q=35&s=bca59de771b134a63703ba94059b9ff2
Dragontail Peak,"Washington, United States, North America",https://sp-images.summitpost.org/606692.JPG?auto=format&fit=max&h=800&ixlib=php-2.1.1&q=35&s=ad71643f9a686eeb14eed4c3a986c978
Giant Mountain,"New York, United States, North America",https://sp-images.summitpost.org/68400.jpg?auto=format&fit=max&h=800&ixlib=php-2.1.1&q=35&s=04d47dfcaf7b3b840eaa37314a979b3a
Olymbos (Olympus),"Pieria, Greece, Europe",https://sp-images.summitpost.org/41443.jpg?auto=format&fit=max&h=800&ixlib=php-2.1.1&q=35&s=5d2f22b260f94865657391985553dd59
Mount Kosciuszko / Tar Gan Gil,"New South Wales, Australia, Other",https://sp-images.summitpost.org/252593.jpg?auto=format&fit=max&h=800&ixlib=php-2.1.1&q=35&s=76d5a9d61b4d8aace4fc2a4adcb399c0
Uncompahgre Peak,"Colorado, United States, North America",https://sp-images.summitpost.org/1287.jpg?auto=format&fit=max&h=800&ixlib=php-2.1.1&q=35&s=aab242c0a7d3d042d727a93c41762107
Kilauea (Hawaii Volcanoes National Park),"Hawaii, United States, North America",https://sp-images.summitpost.org/511730.jpg?auto=format&fit=max&h=800&ixlib=php-2.1.1&q=35&s=33a6684bef2400ac76f4fc3b2978e6d9
Devils Tower,"Wyoming, United States, North America",https://sp-images.summitpost.org/27614.jpg?auto=format&fit=max&h=800&ixlib=php-2.1.1&q=35&s=290e373ea583b42032fa18b31b25330d
Makalu,"Tibet/Khumbu, China/Nepal, Asia",https://sp-images.summitpost.org/43278.jpg?auto=format&fit=max&h=800&ixlib=php-2.1.1&q=35&s=bf516324633dec11094d3d3d624becd5
Weisshorn,"Valais, Switzerland, Europe",https://sp-images.summitpost.org/129715.JPG?auto=format&fit=max&h=800&ixlib=php-2.1.1&q=35&s=0232c1f187194bab5e75b58e869d4a58
Torreys Peak,"Colorado, United States, North America",https://sp-images.summitpost.org/201297.jpg?auto=format&fit=max&h=800&ixlib=php-2.1.1&q=35&s=cb7045306e3157d05156e89bb4f6173d
Carrauntoohil,"Munster, Ireland, Europe",https://sp-images.summitpost.org/302858.jpg?auto=format&fit=max&h=800&ixlib=php-2.1.1&q=35&s=1e4607e4b366b35d0ceb7ee3571a84b7
Eagle Mountain,"Minnesota, United States, North America",https://sp-images.summitpost.org/752979.JPG?auto=format&fit=max&h=800&ixlib=php-2.1.1&q=35&s=f091750322d3b9aaaa169aed067e4779
Artesonraju,"Peru, South America",https://sp-images.summitpost.org/362514.jpg?auto=format&fit=max&h=800&ixlib=php-2.1.1&q=35&s=fb9f1a8ad5878ddf6df1df5487a8363e
Mt. Lemmon,"Arizona, United States, North America",https://sp-images.summitpost.org/403115.jpg?auto=format&fit=max&h=800&ixlib=php-2.1.1&q=35&s=a0aec34fc9b4dc85e7ee57927eb9392c
Three Fingers,"Washington, United States, North America",https://sp-images.summitpost.org/303794.JPG?auto=format&fit=max&h=800&ixlib=php-2.1.1&q=35&s=8d6f15f28aeed3b55177e6bdbd9d01ae
Mount Adams,"New Hampshire, United States, North America",https://sp-images.summitpost.org/594285.JPG?auto=format&fit=max&h=800&ixlib=php-2.1.1&q=35&s=20e03c3f4501245ef6663e06c9264c7a
Mount Sherman,"Colorado, United States, North America",https://sp-images.summitpost.org/76936.JPG?auto=format&fit=max&h=800&ixlib=php-2.1.1&q=35&s=caac15d4e4a7d2c1f4b47df996d6bbf6
Mount Washington (Oregon),"Oregon, United States, North America",https://sp-images.summitpost.org/199805.JPG?auto=format&fit=max&h=800&ixlib=php-2.1.1&q=35&s=17e1707dd5b5da48cfb172bfd0e0a022
Gothics,"New York, United States, North America",https://sp-images.summitpost.org/31161.JPG?auto=format&fit=max&h=800&ixlib=php-2.1.1&q=35&s=431b8b16b6080f97ac31060c59e89bd4
Dinara,"Dalmatia, Croatia, Europe",https://sp-images.summitpost.org/16826.jpg?auto=format&fit=max&h=800&ixlib=php-2.1.1&q=35&s=8b9efb92fdc61a6f635bbc9dccbd8f12
Crestone Peak,"Colorado, United States, North America",https://sp-images.summitpost.org/809691.jpg?auto=format&fit=max&h=800&ixlib=php-2.1.1&q=35&s=7e7f523c51d6e491bf47311217fbc36a
Fuji-san,"Shizuoka, Japan, Asia",https://sp-images.summitpost.org/52675.jpg?auto=format&fit=max&h=800&ixlib=php-2.1.1&q=35&s=8e0b0522c7174e13e601bfe359313b4b
Fitzroy,"Santa Cruz, Argentina, South America",https://sp-images.summitpost.org/87267.jpg?auto=format&fit=max&h=800&ixlib=php-2.1.1&q=35&s=0c2eda1d563df9a7547ab69d1a8e32e1
Whiteface Mountain,"New York, United States, North America",https://sp-images.summitpost.org/11716.jpg?auto=format&fit=max&h=800&ixlib=php-2.1.1&q=35&s=e5555c49801472b7e652ac9dee8cbf44
Bear Peak,"Colorado, United States, North America",https://sp-images.summitpost.org/82997.JPG?auto=format&fit=max&h=800&ixlib=php-2.1.1&q=35&s=00ff76c9fc16ab2d94086da4b543a9cd
Tryfan,"Snowdonia, Wales, Europe",https://sp-images.summitpost.org/397254.jpg?auto=format&fit=max&h=800&ixlib=php-2.1.1&q=35&s=69ce2b27d3ec045f1715d9a550e64599
Brasstown Bald,"Georgia, United States, North America",https://sp-images.summitpost.org/95727.JPG?auto=format&fit=max&h=800&ixlib=php-2.1.1&q=35&s=94cec4b5737e41c8a21f9eee9aeb6b8c
Cone Peak,"California, United States, North America",https://sp-images.summitpost.org/280547.JPG?auto=format&fit=max&h=800&ixlib=php-2.1.1&q=35&s=89ef51fd5b0ad97cadd7e13b4fdbb0da
Rysy,"Tatra Mountains, Poland/Slovakia, Europe",https://sp-images.summitpost.org/139400.jpg?auto=format&fit=max&h=800&ixlib=php-2.1.1&q=35&s=940c299680bf38fc75d8d3c7f72744fa
Monte Roraima,"Guyana, Brazil/Guyana/Venezuela, South America",https://sp-images.summitpost.org/373428.jpg?auto=format&fit=max&h=800&ixlib=php-2.1.1&q=35&s=3e6d1d5e8ccb0dacf8d75130fc9d54a6
Mont Blanc du Tacul,"Haute Savoie (Mont Blanc), France, Europe",https://sp-images.summitpost.org/117842.JPG?auto=format&fit=max&h=800&ixlib=php-2.1.1&q=35&s=8c6f2f80434390428b6372d054b86168
Damavand,"Iran, Asia",https://sp-images.summitpost.org/277848.JPG?auto=format&fit=max&h=800&ixlib=php-2.1.1&q=35&s=7ad1239e38587cfd64b5856736791bd7
Three Fingered Jack,"Oregon, United States, North America",https://sp-images.summitpost.org/46493.JPG?auto=format&fit=max&h=800&ixlib=php-2.1.1&q=35&s=9370dad1acbae49c56bcc3171c240905
Mount Olympus,"Utah, United States, North America",https://sp-images.summitpost.org/18152.jpg?auto=format&fit=max&h=800&ixlib=php-2.1.1&q=35&s=36c887301fb85cf79fde34a5a1e6c77f
Mount Harvard,"Colorado, United States, North America",https://sp-images.summitpost.org/70354.JPG?auto=format&fit=max&h=800&ixlib=php-2.1.1&q=35&s=4db2c6954ae78ee3b5c0ce8a9e054c8e
Truchas Peak (aka South Truchas Peak),"New Mexico, United States, North America",https://sp-images.summitpost.org/55006.jpg?auto=format&fit=max&h=800&ixlib=php-2.1.1&q=35&s=f152bc6ba25800eab6d7dced5911075b
Broad Peak,"Xinjiang/Baltistan, China/Pakistan, Asia",https://sp-images.summitpost.org/122189.jpg?auto=format&fit=max&h=800&ixlib=php-2.1.1&q=35&s=e575b7f8eb9cb98be8be5a638dc80302
Aiguilles du Dru (or Les Drus),"Mont Blanc group/Haute-Savoie, France, Europe",https://sp-images.summitpost.org/883819.JPG?auto=format&fit=max&h=800&ixlib=php-2.1.1&q=35&s=53a331566ae5a1c5ef140cbe8afb997b
Mailbox Peak,"Washington, United States, North America",https://sp-images.summitpost.org/89911.jpg?auto=format&fit=max&h=800&ixlib=php-2.1.1&q=35&s=a8f678e798e64742a3f07df5e472adbb
Middle Palisade,"California, United States, North America",https://sp-images.summitpost.org/1604.jpg?auto=format&fit=max&h=800&ixlib=php-2.1.1&q=35&s=9416b89742d9466639622cc27b08388c
North Sister,"Oregon, United States, North America",https://sp-images.summitpost.org/112321.JPG?auto=format&fit=max&h=800&ixlib=php-2.1.1&q=35&s=35b7ebb8a48c74e06826fdb7415e87f3
Mauna Loa,"Hawaii, United States, Australia/Oceana",https://sp-images.summitpost.org/14856.jpg?auto=format&fit=max&h=800&ixlib=php-2.1.1&q=35&s=2921e7d4909456aec82db357f8507c57
Round Top,"California, United States, North America",https://sp-images.summitpost.org/280631.jpg?auto=format&fit=max&h=800&ixlib=php-2.1.1&q=35&s=996b6c24e7590e9dd15f5d3813d71c88
Forbidden Peak,"Washington, United States, North America",https://sp-images.summitpost.org/875839.jpg?auto=format&fit=max&h=800&ixlib=php-2.1.1&q=35&s=0678c16bc0fb47d00f113ac9db156e89
Mount Tyndall,"California, United States, North America",http://www.summitpost.org/mount-tyndall/150441
Mount Meeker,"Colorado, United States, North America",https://sp-images.summitpost.org/130972.jpg?auto=format&fit=max&h=800&ixlib=php-2.1.1&q=35&s=a939b3b982210bc73e44f854de7a58cd
Aoraki - Cook,"Canterbury, New Zealand, Australia/Oceana",https://sp-images.summitpost.org/12931.jpg?auto=format&fit=max&h=800&ixlib=php-2.1.1&q=35&s=1bafbbcbd0ed196b3b6c9c8b47583172
Driskill Mountain,"Louisiana, United States, North America",https://sp-images.summitpost.org/29447.jpg?auto=format&fit=max&h=800&ixlib=php-2.1.1&q=35&s=b6837177a4973d388580e4025ab41d50
Clouds Rest,"California, United States, North America",https://sp-images.summitpost.org/508117.jpg?auto=format&fit=max&h=800&ixlib=php-2.1.1&q=35&s=2edf508f44470085098861758ab3c18a
La Plata Peak,"Colorado, United States, North America",https://sp-images.summitpost.org/1027405.jpeg?auto=format&fit=max&h=800&ixlib=php-2.1.1&q=35&s=7f5f0a59fef6dd88b79dff910ec6da61
Kebnekaise,"Sweden, Europe",https://sp-images.summitpost.org/113439.jpg?auto=format&fit=max&h=800&ixlib=php-2.1.1&q=35&s=5619a7c64d5dbc1a3fc1ed2012d30e5b
Cerro Chirripó,"Cordillera Talamanca, Costa Rica, North America",https://sp-images.summitpost.org/429143.JPG?auto=format&fit=max&h=800&ixlib=php-2.1.1&q=35&s=fd2cd1aabffcecae663cdaaadda9da2a
Ptarmigan Traverse,"Washington, United States, North America",https://sp-images.summitpost.org/125460.JPG?auto=format&fit=max&h=800&ixlib=php-2.1.1&q=35&s=c20586a75beae30a0b6771c529fb0473
Huayna Potosi,"Cordillera Real, Bolivia, South America",https://sp-images.summitpost.org/986702.jpg?auto=format&fit=max&h=800&ixlib=php-2.1.1&q=35&s=ff306fe4a55457fd3087be7ac9261e60
Mount Audubon,"Colorado, United States, North America",https://sp-images.summitpost.org/893337.jpg?auto=format&fit=max&h=800&ixlib=php-2.1.1&q=35&s=112128f13ba3fea30daaa170102f07a9
Deseret Peak,"Utah, United States, North America",https://sp-images.summitpost.org/736778.JPG?auto=format&fit=max&h=800&ixlib=php-2.1.1&q=35&s=d7e4ad4c4dc35efa87852d909d82b956
Table Rock,"Idaho, United States, North America",https://sp-images.summitpost.org/119255.jpg?auto=format&fit=max&h=800&ixlib=php-2.1.1&q=35&s=da614fa02b7df1595cff78134469ca11
Browns Peak/Four Peaks,"Arizona, United States, North America",https://sp-images.summitpost.org/137060.jpg?auto=format&fit=max&h=800&ixlib=php-2.1.1&q=35&s=6dd293f84f2c3753c233549b15bbf235
Mount Arvon,"Michigan, United States, North America",https://sp-images.summitpost.org/143298.jpg?auto=format&fit=max&h=800&ixlib=php-2.1.1&q=35&s=944065e68f937b63f57394ca6f57ec99
Mount Scott,"Oklahoma, United States, North America",https://sp-images.summitpost.org/455465.jpg?auto=format&fit=max&h=800&ixlib=php-2.1.1&q=35&s=24f62873a72c2c2129b74d92fc099c9f
Pfeifferhorn,"Utah, United States, North America",https://sp-images.summitpost.org/94826.jpg?auto=format&fit=max&h=800&ixlib=php-2.1.1&q=35&s=d26186391e56b7a50e86101e4db8fe97
Engineer Mountain,"Colorado, United States, North America",https://sp-images.summitpost.org/894490.JPG?auto=format&fit=max&h=800&ixlib=php-2.1.1&q=35&s=f23b4aa8dfe7a256e32fc30e28a58508
El Misti,"Arequipa, Peru, South America",https://sp-images.summitpost.org/893141.JPG?auto=format&fit=max&h=800&ixlib=php-2.1.1&q=35&s=cf246c17c0754d6ffd04b1a26a531039
Trango Towers,"Baltistan, Pakistan, Asia",https://sp-images.summitpost.org/568281.jpg?auto=format&fit=max&h=800&ixlib=php-2.1.1&q=35&s=9c3c648f896435055022c0c060c2ec38
Middle Teton,"Wyoming, United States, North America",https://sp-images.summitpost.org/142641.jpg?auto=format&fit=max&h=800&ixlib=php-2.1.1&q=35&s=de5d821d7544c3b340c27111e21914d0
Mount Daniel,"Washington, United States, North America",https://sp-images.summitpost.org/711817.jpg?auto=format&fit=max&h=800&ixlib=php-2.1.1&q=35&s=a80b2d6ad709d957d8812a457fed006a
Black Mesa,"Oklahoma, United States, North America",https://sp-images.summitpost.org/370289.JPG?auto=format&fit=max&h=800&ixlib=php-2.1.1&q=35&s=00173c66d6c73ff1b83e870e57fb384b
Mt. Ellinor,"Washington, United States, North America",https://sp-images.summitpost.org/19132.JPG?auto=format&fit=max&h=800&ixlib=php-2.1.1&q=35&s=9b28a91e2995baa870cec36278172285
Lone Pine Peak,"California, United States, North America",https://sp-images.summitpost.org/12225.jpg?auto=format&fit=max&h=800&ixlib=php-2.1.1&q=35&s=feb3bfa5bcbe81f64b43524b06fe7b01
Dom,"Valais, Switzerland, Europe",https://sp-images.summitpost.org/124413.jpg?auto=format&fit=max&h=800&ixlib=php-2.1.1&q=35&s=b1dda30ca07419c8f004e4ac321d2d58
Mount Agassiz,"California, United States, North America",https://sp-images.summitpost.org/853873.JPG?auto=format&fit=max&h=800&ixlib=php-2.1.1&q=35&s=bfcdd4b4b91a31e36e0fad2468b918a1
Shisha Pangma,"Tibet, China, Asia",https://sp-images.summitpost.org/81941.jpg?auto=format&fit=max&h=800&ixlib=php-2.1.1&q=35&s=8c50c1decae06f41eb9dd4cd95b09a58
Allalinhorn,"Wallis, Switzerland, Europe",https://sp-images.summitpost.org/357126.JPG?auto=format&fit=max&h=800&ixlib=php-2.1.1&q=35&s=0e438b42cb7e577dace1739db17b1476
South & North Arapaho Peak,"Colorado, United States, North America",https://sp-images.summitpost.org/21639.jpg?auto=format&fit=max&h=800&ixlib=php-2.1.1&q=35&s=1ed5b2a439ac465a94a6889f31f18e4a
Charles Mound,"Illinois, United States, North America",https://sp-images.summitpost.org/65707.jpe?auto=format&fit=max&h=800&ixlib=php-2.1.1&q=35&s=a24e52111d8af18b14c4806b7c6b64ac
Popocatépetl,"Puebla, Mexico, North America",https://sp-images.summitpost.org/461754.jpg?auto=format&fit=max&h=800&ixlib=php-2.1.1&q=35&s=ace5462140bf6ef0217ab1ea22b2969e
Piz Bernina,"Engadin, Switzerland, Europe",https://sp-images.summitpost.org/719961.jpg?auto=format&fit=max&h=800&ixlib=php-2.1.1&q=35&s=075feb18410df70d7c86a096b16e7401
Watzmann,"Upper Bavaria, Germany, Europe",https://sp-images.summitpost.org/86072.jpg?auto=format&fit=max&h=800&ixlib=php-2.1.1&q=35&s=35ddc05199025b0c1b34b20a85bab55b
Alta Peak,"California, United States, North America",https://sp-images.summitpost.org/12074.jpg?auto=format&fit=max&h=800&ixlib=php-2.1.1&q=35&s=de72c59332496600a307aa7a0a583c92
Castle Peak,"California, United States, North America",https://sp-images.summitpost.org/367258.JPG?auto=format&fit=max&h=800&ixlib=php-2.1.1&q=35&s=d66b8f4575c0e67e15165db8b496bcdc
Mount Humphreys,"California, United States, North America",https://sp-images.summitpost.org/28332.jpg?auto=format&fit=max&h=800&ixlib=php-2.1.1&q=35&s=6666abcd8384160443bede116b014dab
Reddish Knob,"Virginia, United States, North America",https://sp-images.summitpost.org/20618.JPG?auto=format&fit=max&h=800&ixlib=php-2.1.1&q=35&s=692103b18336f101e980376ed31674c9
Grossvenediger,"Salzburg / Tyrol (Venediger group), Austria, Europe",https://sp-images.summitpost.org/79762.jpg?auto=format&fit=max&h=800&ixlib=php-2.1.1&q=35&s=20155e6f3e17ab71c01e0a02763e4ea6
Devils Thumb,"Colorado, United States, North America",https://sp-images.summitpost.org/116620.jpg?auto=format&fit=max&h=800&ixlib=php-2.1.1&q=35&s=3837dc63d93a82e292a0f612739b40b1
Britton Hill,"Florida, United States, North America",https://sp-images.summitpost.org/196888.JPG?auto=format&fit=max&h=800&ixlib=php-2.1.1&q=35&s=cc625f96038fc0fbb9c05cdd42142f75
Piz Badile,Europe,https://sp-images.summitpost.org/705901.jpg?auto=format&fit=max&h=800&ixlib=php-2.1.1&q=35&s=ffe5fcd3f09745f47d8b0660b099760d
Mount Kearsarge (Sunapee Region),"Italy/Switzerland, Europe",https://sp-images.summitpost.org/21850.jpg?auto=format&fit=max&h=800&ixlib=php-2.1.1&q=35&s=0637fb7b3c9e46c7f87684d068921b6b
Handies Peak,"Colorado, United States, North America",https://sp-images.summitpost.org/776436.JPG?auto=format&fit=max&h=800&ixlib=php-2.1.1&q=35&s=53de38541054aacc1ea2848ff4b4fd59
Barre des Ecrins,"Dauphiné, France, Europe",https://sp-images.summitpost.org/27852.jpg?auto=format&fit=max&h=800&ixlib=php-2.1.1&q=35&s=161b3cb61329c50b71820032139c74fd
Broads Fork Twin Peaks,"Utah, United States, North America",https://sp-images.summitpost.org/54332.JPG?auto=format&fit=max&h=800&ixlib=php-2.1.1&q=35&s=2be60883b3590ccbf1adcd8eceb699f3
Mount Sopris,"Colorado, United States, North America",https://sp-images.summitpost.org/790153.JPG?auto=format&fit=max&h=800&ixlib=php-2.1.1&q=35&s=5fc2131b128a6989ec3d1a6793fa0c79
Mount Diablo,"California, United States, North America",https://sp-images.summitpost.org/82896.JPG?auto=format&fit=max&h=800&ixlib=php-2.1.1&q=35&s=21272efdc4c21d7c94f0e9662346f025
Mönch,"Switzerland, Europe",https://sp-images.summitpost.org/54827.jpg?auto=format&fit=max&h=800&ixlib=php-2.1.1&q=35&s=aa5a86ac588ecac209c1d15d3a69b68a
Aiguille Verte,"Haute Savoie (Mont Blanc), France, Europe",https://sp-images.summitpost.org/737593.jpg?auto=format&fit=max&h=800&ixlib=php-2.1.1&q=35&s=86bd1b8eac321dac6ec265015a56687c
Mount Ushba,"Caucasus, Georgia, Europe",https://sp-images.summitpost.org/1021271.jpg?auto=format&fit=max&h=800&ixlib=php-2.1.1&q=35&s=97477d33c609d46b84453f055ed9f2da
Imja Tse (Island Peak),"Everest Region, Nepal, Asia",https://sp-images.summitpost.org/493208.JPG?auto=format&fit=max&h=800&ixlib=php-2.1.1&q=35&s=7756fa960fc96f773871ff6024867728
High Point (New Jersey),"New Jersey, United States, North America",https://sp-images.summitpost.org/348796.jpg?auto=format&fit=max&h=800&ixlib=php-2.1.1&q=35&s=d9d3d652a2b23a1f604b8858f9b3220f
South Maroon Peak,"Colorado, United States, North America",https://sp-images.summitpost.org/241191.JPG?auto=format&fit=max&h=800&ixlib=php-2.1.1&q=35&s=c6a5cdb66dd93ee6e7fb01af819711eb
Mount Moosilauke,"New Hampshire, United States, North America",https://sp-images.summitpost.org/4875.jpg?auto=format&fit=max&h=800&ixlib=php-2.1.1&q=35&s=8304b9f2b77b0ad6f6e07aa0d9903abb
Galdhøpiggen,"Oppland, Norway, Europe",https://sp-images.summitpost.org/231880.JPG?auto=format&fit=max&h=800&ixlib=php-2.1.1&q=35&s=0cf4b5560a7615416e1d03f52c90766b
Mount Pilchuck,"Washington, United States, North America",https://sp-images.summitpost.org/703036.jpg?auto=format&fit=max&h=800&ixlib=php-2.1.1&q=35&s=6bc9116c521c89f1f1d7bc2a3fc11098
Pik Kommunizma,"Gorno-Badakhshan A.O., Tajikistan, Asia",https://sp-images.summitpost.org/122472.jpg?auto=format&fit=max&h=800&ixlib=php-2.1.1&q=35&s=c294203955fa7bc39874e30356a13c5e
Sierra Buttes,"California, United States, North America",https://sp-images.summitpost.org/351573.JPG?auto=format&fit=max&h=800&ixlib=php-2.1.1&q=35&s=79b79d3045117eda56cd24e76389557e
Logan MASSIF,"Yukon Territory, Canada, North America",https://sp-images.summitpost.org/56167.jpg?auto=format&fit=max&h=800&ixlib=php-2.1.1&q=35&s=af48029d9fb64fb15d8a36fa97e2f6f2
Mount Lincoln,"Colorado, United States, North America",https://sp-images.summitpost.org/23250.jpg?auto=format&fit=max&h=800&ixlib=php-2.1.1&q=35&s=6f283c966b168516fe1d7d6bc8f9e8d4
Wetterhorn Peak (Colorado),"Colorado, United States, North America",https://sp-images.summitpost.org/633941.JPG?auto=format&fit=max&h=800&ixlib=php-2.1.1&q=35&s=48391313e38c1d0add2796e6791d74eb
Thunderbolt Peak,"California, United States, North America",https://sp-images.summitpost.org/849.jpg?auto=format&fit=max&h=800&ixlib=php-2.1.1&q=35&s=2433a38a03faec01c30c2b01ef133e95
Mount Princeton,"Colorado, United States, North America",https://sp-images.summitpost.org/112128.JPG?auto=format&fit=max&h=800&ixlib=php-2.1.1&q=35&s=645857480d255a0ba9bc99faf8befb56
Taum Sauk Mountain,"Missouri, United States, North America",https://sp-images.summitpost.org/102867.JPG?auto=format&fit=max&h=800&ixlib=php-2.1.1&q=35&s=1b0e7b5c332eca0ec2d80ebd4235c84a
Mount Muir,"California, United States, North America",https://sp-images.summitpost.org/20323.jpg?auto=format&fit=max&h=800&ixlib=php-2.1.1&q=35&s=88ecd0d9456c1d20ef8b02d968e19a24
Mount Si,"Washington, United States, North America",https://sp-images.summitpost.org/487786.JPG?auto=format&fit=max&h=800&ixlib=php-2.1.1&q=35&s=8c7901ecdec3df2ca19c3268be8625f8
White Butte,"North Dakota, United States, North America",https://sp-images.summitpost.org/433071.jpg?auto=format&fit=max&h=800&ixlib=php-2.1.1&q=35&s=55fc6d0fcb8a923f1dc46da66a56174d
"Mount Abraham, VT","Vermont, United States, North America",https://sp-images.summitpost.org/121023.jpg?auto=format&fit=max&h=800&ixlib=php-2.1.1&q=35&s=980795edcae7067926ea7c820f20cf9e
Wildspitze,"Tirol, Austria, Europe",https://sp-images.summitpost.org/177765.JPG?auto=format&fit=max&h=800&ixlib=php-2.1.1&q=35&s=665830cb694ac41ffc2b2f10149ee257
Mount Moran,"Wyoming, United States, North America",https://sp-images.summitpost.org/789053.jpg?auto=format&fit=max&h=800&ixlib=php-2.1.1&q=35&s=9d1005ac59c8c1046d01f5542500ab19
Bugaboo Spire,"British Columbia, Canada, North America",https://sp-images.summitpost.org/78150.JPG?auto=format&fit=max&h=800&ixlib=php-2.1.1&q=35&s=d17ff396d44e5f233900241203e1695d
Diamond Peak,"Oregon, United States, North America",https://sp-images.summitpost.org/228261.JPG?auto=format&fit=max&h=800&ixlib=php-2.1.1&q=35&s=16fdbabf0bb6f3bbcf82ae988a20689f
Mount Temple,"Alberta, Canada, North America",https://sp-images.summitpost.org/111599.jpg?auto=format&fit=max&h=800&ixlib=php-2.1.1&q=35&s=5b9cc459ae759752d155d0a409f3e4fd
Mount Antero,"Colorado, United States, North America",https://sp-images.summitpost.org/302515.jpg?auto=format&fit=max&h=800&ixlib=php-2.1.1&q=35&s=255cf158e19778c2a160607256f07ee7
Steens Mountain,"Oregon, United States, North America",https://sp-images.summitpost.org/222460.JPG?auto=format&fit=max&h=800&ixlib=php-2.1.1&q=35&s=3b04edec2988c561ddf366066503849b
Santa Fe Baldy,"New Mexico, United States, North America",https://sp-images.summitpost.org/107572.JPG?auto=format&fit=max&h=800&ixlib=php-2.1.1&q=35&s=b53a90a56ebbaf7f638bf641a11a2835
Mount Sunflower,"Kansas, United States, North America",https://sp-images.summitpost.org/71755.jpg?auto=format&fit=max&h=800&ixlib=php-2.1.1&q=35&s=bdf8fc5dc0ec55e55fa2b21d180a6f0b
Bear Creek Spire,"California, United States, North America",https://sp-images.summitpost.org/63578.jpg?auto=format&fit=max&h=800&ixlib=php-2.1.1&q=35&s=66dc8ea0c8ecacd838f7314a41eb1e96
Bobotov Kuk,"Zabljak county, Montenegro, Europe",https://sp-images.summitpost.org/66642.jpg?auto=format&fit=max&h=800&ixlib=php-2.1.1&q=35&s=e77b1c573da8cd6cb48cea7735387d98
Mount Tom,"California, United States, North America",https://sp-images.summitpost.org/12585.jpg?auto=format&fit=max&h=800&ixlib=php-2.1.1&q=35&s=a2a4e6d29b1d2f0fe2d62177105ba688
The Pinnacle,"Pennsylvania, United States, North America",https://sp-images.summitpost.org/50305.JPG?auto=format&fit=max&h=800&ixlib=php-2.1.1&q=35&s=1c276117c1e6bf277b108d868c14dd32
Ben Lomond,"Utah, United States, North America",https://sp-images.summitpost.org/393145.JPG?auto=format&fit=max&h=800&ixlib=php-2.1.1&q=35&s=ac173eca78b0df4d978dac515245bdf1
Silver Star Mountain (Skamania),"Washington, United States, North America",https://sp-images.summitpost.org/14520.jpg?auto=format&fit=max&h=800&ixlib=php-2.1.1&q=35&s=5b69a97997d9bbfb2084a08f90a2eb51
Finsteraarhorn,"Bernese Oberland, Switzerland, Europe",https://sp-images.summitpost.org/3342.JPG?auto=format&fit=max&h=800&ixlib=php-2.1.1&q=35&s=e0b6812035beb344db9db52f8325b4c3
West Spanish Peak,"Colorado, United States, North America",https://sp-images.summitpost.org/334985.jpg?auto=format&fit=max&h=800&ixlib=php-2.1.1&q=35&s=799de10443034f49b99ca34b3bc23d2e
Breakneck Ridge,"New York, United States, North America",https://sp-images.summitpost.org/287052.JPG?auto=format&fit=max&h=800&ixlib=php-2.1.1&q=35&s=6f53bc3bf638ef5bd045e4b74e168267
Assiniboine,"British Columbia, Canada, North America",https://sp-images.summitpost.org/447638.jpg?auto=format&fit=max&h=800&ixlib=php-2.1.1&q=35&s=0d7592ff08a72676a285b4e71f368001
Lone Eagle Peak,"Colorado, United States, North America",https://sp-images.summitpost.org/106481.jpg?auto=format&fit=max&h=800&ixlib=php-2.1.1&q=35&s=a2d38e24f0cc1d84cca8833127a76117
Dachstein,"Styria/Upper Austria/Salzburg, Austria, Europe",https://sp-images.summitpost.org/678151.JPG?auto=format&fit=max&h=800&ixlib=php-2.1.1&q=35&s=eef2cdb506776d6c0405bedbc480029f
Pen Y Fan,"Powys/Brecon Beacons, Wales, Europe",https://sp-images.summitpost.org/94410.JPG?auto=format&fit=max&h=800&ixlib=php-2.1.1&q=35&s=468e277f6fe94eb5ece8ce03d1be0837
Mount Chocorua,"New Hampshire, United States, North America",https://sp-images.summitpost.org/694042.jpg?auto=format&fit=max&h=800&ixlib=php-2.1.1&q=35&s=691199934822bb275925bf561e02afa0
Pico Duarte,"Santiago/La Vega, Dominican Republic, North America",https://sp-images.summitpost.org/84270.JPG?auto=format&fit=max&h=800&ixlib=php-2.1.1&q=35&s=ab25f44fc7d43e71facf9fe93a61c946
Cheaha Mountain,"Alabama, United States, North America",https://sp-images.summitpost.org/44269.jpg?auto=format&fit=max&h=800&ixlib=php-2.1.1&q=35&s=e7a8b9b9e37d1839077f4e78c0194159
Lhotse,"Nepal, Asia",https://sp-images.summitpost.org/83356.JPG?auto=format&fit=max&h=800&ixlib=php-2.1.1&q=35&s=7f0fb8de22c556c55c04ca25fac9f20e
Mount Frissell (Southwest Shoulder),"Connecticut, United States, North America",https://sp-images.summitpost.org/47315.jpg?auto=format&fit=max&h=800&ixlib=php-2.1.1&q=35&s=0cfc2f99d4186c0b480d844b414405c9
Mount Watatic,"Massachusetts, United States, North America",https://sp-images.summitpost.org/40024.jpg?auto=format&fit=max&h=800&ixlib=php-2.1.1&q=35&s=43ec0897c8601022cfc7887c9c254234
Bear Mountain,"Connecticut, United States, North America",https://sp-images.summitpost.org/139887.jpg?auto=format&fit=max&h=800&ixlib=php-2.1.1&q=35&s=f68f5bb499509b22891dbb87159782e8
Mount Yale,"Colorado, United States, North America",https://sp-images.summitpost.org/54100.jpg?auto=format&fit=max&h=800&ixlib=php-2.1.1&q=35&s=ede2d8850ad260093c45e407a14c6d1c
Snowmass Mountain,"Colorado, United States, North America",https://sp-images.summitpost.org/98349.JPG?auto=format&fit=max&h=800&ixlib=php-2.1.1&q=35&s=ca80f4a8acab67b32188eb0916ee3425
Prusik Peak,"Washington, United States, North America",https://sp-images.summitpost.org/15620.jpg?auto=format&fit=max&h=800&ixlib=php-2.1.1&q=35&s=b22654ec04e6df7b6348e435853dbe3a
Black Peak,"Washington, United States, North America",https://sp-images.summitpost.org/17143.jpg?auto=format&fit=max&h=800&ixlib=php-2.1.1&q=35&s=75719516d8d50085201b28d9d795c03e
Mount Index,"Washington, United States, North America",https://sp-images.summitpost.org/53697.jpg?auto=format&fit=max&h=800&ixlib=php-2.1.1&q=35&s=7eb488fcae23605bb8ec86137ea4c37f
Sierra Blanca,"New Mexico, United States, North America",https://sp-images.summitpost.org/25889.jpg?auto=format&fit=max&h=800&ixlib=php-2.1.1&q=35&s=8fa5e576f6316e3309893e331feda774
Jerimoth Hill,"Rhode Island, United States, North America",https://sp-images.summitpost.org/733469.JPG?auto=format&fit=max&h=800&ixlib=php-2.1.1&q=35&s=2fd9e21cfd4b93ebe26018467e910a8e
Signalkuppe / Punta Gnifetti,"Monte Rosa, Italy/Switzerland, Europe",https://sp-images.summitpost.org/91247.JPG?auto=format&fit=max&h=800&ixlib=php-2.1.1&q=35&s=bfbd6496d5b699f6633bf6818d5a2746
Mount Wilson,"Colorado, United States, North America",https://sp-images.summitpost.org/418664.jpg?auto=format&fit=max&h=800&ixlib=php-2.1.1&q=35&s=22f744204337b65fb058e3d7e588ca39
Poon Hill,"Nepal, Asia",https://sp-images.summitpost.org/51157.jpg?auto=format&fit=max&h=800&ixlib=php-2.1.1&q=35&s=744af01055e367b9c91eae8e6a500278
Lyskamm,"Aosta/Wallis (Monte Rosa), Italy/Switzerland, Europe",https://sp-images.summitpost.org/545861.jpg?auto=format&fit=max&h=800&ixlib=php-2.1.1&q=35&s=8c712e493ef7ea4e5459155be5423872
Tocllaraju,"Ancash, Peru, South America",https://sp-images.summitpost.org/318741.jpg?auto=format&fit=max&h=800&ixlib=php-2.1.1&q=35&s=3dd437d78ba608fe6feb6f14ccd07acf
"Four Girls (Fourth Girl, Siguniang, Yaoniangfeng)","Sichuan Province, China, Asia",https://sp-images.summitpost.org/19238.jpg?auto=format&fit=max&h=800&ixlib=php-2.1.1&q=35&s=c9336e9760521c5992e302371d7f93c5
La Malinche,"Puebla/Tlaxcala, Mexico, North America",https://sp-images.summitpost.org/87052.JPG?auto=format&fit=max&h=800&ixlib=php-2.1.1&q=35&s=ee0c895022f172b8118ea51a4120ea8f
Bison Peak,"Colorado, United States, North America",https://sp-images.summitpost.org/32085.jpg?auto=format&fit=max&h=800&ixlib=php-2.1.1&q=35&s=55042f9f5ee7cb03289100ebfc598b43
Weissmies,"Valais, Switzerland, Europe",https://sp-images.summitpost.org/513707.jpg?auto=format&fit=max&h=800&ixlib=php-2.1.1&q=35&s=ed5dbfed3b2f282ac5ac81a478d113ad
Bigelow Mountain,"Maine, United States, North America",https://sp-images.summitpost.org/118309.JPG?auto=format&fit=max&h=800&ixlib=php-2.1.1&q=35&s=bb24984aa1764c0fae8df11ef09a7bc0
Banner Peak,"California, United States, North America",https://sp-images.summitpost.org/13662.JPG?auto=format&fit=max&h=800&ixlib=php-2.1.1&q=35&s=77661a9410a505427255585ae72be3f0
Mount Logan,"Washington, United States, North America",https://sp-images.summitpost.org/734660.jpg?auto=format&fit=max&h=800&ixlib=php-2.1.1&q=35&s=b3fc7df80294aa112d4464d09cf1f871
Mount Taylor,"New Mexico, United States, North America",https://sp-images.summitpost.org/53311.jpg?auto=format&fit=max&h=800&ixlib=php-2.1.1&q=35&s=8382f6b2e0afb5e6e74ad52c997e990f
The Needles,"California, United States, North America",https://sp-images.summitpost.org/68401.JPG?auto=format&fit=max&h=800&ixlib=php-2.1.1&q=35&s=93bc350ff68751a3561c2d69be3c2d12
Dent du Géant/Dente del Gigante,"Savoie/Valle d'Aosta, France/Italy, Europe",https://sp-images.summitpost.org/335998.jpg?auto=format&fit=max&h=800&ixlib=php-2.1.1&q=35&s=8c0e996dd234d87391e2ecfbfa5881b8
Liberty Bell Mountain,"Washington, United States, North America",https://sp-images.summitpost.org/15142.jpg?auto=format&fit=max&h=800&ixlib=php-2.1.1&q=35&s=840bd729f8206a25a2745f1ba8b2dd49
Castle Peak,"Colorado, United States, North America",https://sp-images.summitpost.org/676889.JPG?auto=format&fit=max&h=800&ixlib=php-2.1.1&q=35&s=1462699a5027872a899eae923258154e
Thor Peak,"Pangnirtung Baffin Island/Nunavut, Canada, North America",https://sp-images.summitpost.org/42308.jpg?auto=format&fit=max&h=800&ixlib=php-2.1.1&q=35&s=22b8f8d8e8e3f960bed29f8bcc1dbfef
Sajama,"Cordillera Occidental, Bolivia, South America",https://sp-images.summitpost.org/973322.jpg?auto=format&fit=max&h=800&ixlib=php-2.1.1&q=35&s=eed7440d2f8a332cae47af5680c452ef
Castore/Castor,"Alpi Pennine/Aosta/Valais, Italy/Switzerland, Europe",https://sp-images.summitpost.org/442869.jpg?auto=format&fit=max&h=800&ixlib=php-2.1.1&q=35&s=1c1ae9629391de78575a1c84f8103d13
Junipero Serra Peak,"California, United States, North America",https://sp-images.summitpost.org/1487.jpg?auto=format&fit=max&h=800&ixlib=php-2.1.1&q=35&s=c651d9f5ecf1a8448d27313e98480142
Dent Blanche,"Wallis (Valais), Switzerland, Europe",https://sp-images.summitpost.org/753930.jpg?auto=format&fit=max&h=800&ixlib=php-2.1.1&q=35&s=0eea978b9b107b1ef4cede0aba0fba39
Dix Mountain,"New York, United States, North America",https://sp-images.summitpost.org/33587.JPG?auto=format&fit=max&h=800&ixlib=php-2.1.1&q=35&s=8a78b734d3c8b372e7673c6c968fcad7
Aneto,"Huesca, Spain, Europe",https://sp-images.summitpost.org/20058.jpg?auto=format&fit=max&h=800&ixlib=php-2.1.1&q=35&s=d490a71afcc0b6bccec293e49e95b96c
Chopicalqui,"Peru, South America",https://sp-images.summitpost.org/96502.jpg?auto=format&fit=max&h=800&ixlib=php-2.1.1&q=35&s=89467c4676cbfa33db2a1c8e24b5b9be
Illimani,"Cordillera Real, Bolivia, South America",https://sp-images.summitpost.org/265795.jpg?auto=format&fit=max&h=800&ixlib=php-2.1.1&q=35&s=cc3e96fd0b20444ccb49aefc2b3e4b0a
Camel's Hump,"Vermont, United States, North America",https://sp-images.summitpost.org/23308.jpg?auto=format&fit=max&h=800&ixlib=php-2.1.1&q=35&s=e5d83f6ce4a2839dc8308800ebd827ef
Pik Pobeda/Tomur Feng,"China/Kyrgyzstan, Asia",https://sp-images.summitpost.org/196626.jpg?auto=format&fit=max&h=800&ixlib=php-2.1.1&q=35&s=e71269e0b4eb6c8fae454e567bf5405a
Gasherbrum I,"Xinjiang/Baltistan, China/Pakistan, Asia",https://sp-images.summitpost.org/129358.jpg?auto=format&fit=max&h=800&ixlib=php-2.1.1&q=35&s=421dd555467c0435ac3f40eea2b54285
The Brothers,"Washington, United States, North America",https://sp-images.summitpost.org/768754.jpg?auto=format&fit=max&h=800&ixlib=php-2.1.1&q=35&s=1804571df5d3e14b26a51f85c62b9101
Starlight Peak,"California, United States, North America",https://sp-images.summitpost.org/14147.JPG?auto=format&fit=max&h=800&ixlib=php-2.1.1&q=35&s=5ef720d1348b8efb40a9c7e9304f8975
Medicine Bow Peak,"Wyoming, United States, North America",https://sp-images.summitpost.org/430190.JPG?auto=format&fit=max&h=800&ixlib=php-2.1.1&q=35&s=04623f0f4562cee61e9fe62e742f8a37
Cascade Mountain,"New York, United States, North America",https://sp-images.summitpost.org/92837.JPG?auto=format&fit=max&h=800&ixlib=php-2.1.1&q=35&s=0e38f041733344207c4b267916849a6c
Campbell Hill,"Ohio, United States, North America",https://sp-images.summitpost.org/106635.JPG?auto=format&fit=max&h=800&ixlib=php-2.1.1&q=35&s=73348a779841141c7de194ed2ad9a84b
Dhaulagiri,"Pokhara, Nepal, Asia",https://sp-images.summitpost.org/7080.jpg?auto=format&fit=max&h=800&ixlib=php-2.1.1&q=35&s=79e439f2d6220ac66b989cced1acfccf
Anthony's Nose,"New York, United States, North America",https://sp-images.summitpost.org/305063.jpg?auto=format&fit=max&h=800&ixlib=php-2.1.1&q=35&s=375425d5772a6eccbe3f0b47fa58d790
Mount Meru,"Arusha, Tanzania, Africa",https://sp-images.summitpost.org/13638.JPG?auto=format&fit=max&h=800&ixlib=php-2.1.1&q=35&s=a38d2e4e0b9a29a8db8c03751108b299
Maja e Korabit/Golem Korab,"Albania/Macedonia, Europe",https://sp-images.summitpost.org/85653.JPG?auto=format&fit=max&h=800&ixlib=php-2.1.1&q=35&s=32da34e78f3accd0442b217a281d9f2c
Shkhara,"Svaneti/Kabardino-Balkaria, Georgia/Russia, Europe",https://sp-images.summitpost.org/186312.JPG?auto=format&fit=max&h=800&ixlib=php-2.1.1&q=35&s=d595fd2392d922f7d13ff1f7f1086249
Marmolada-Punta Penia,"Dolomiti, Italy, Europe",https://sp-images.summitpost.org/32645.jpg?auto=format&fit=max&h=800&ixlib=php-2.1.1&q=35&s=65a9359f1b18792aa3cbefb5eb641f42
"Brandon, Mount","County Kerry, Ireland, Europe",https://sp-images.summitpost.org/25882.jpg?auto=format&fit=max&h=800&ixlib=php-2.1.1&q=35&s=b4dc8d1e28535358f8a96c02143bb785
Bonanza Peak,"Washington, United States, North America",https://sp-images.summitpost.org/768549.jpg?auto=format&fit=max&h=800&ixlib=php-2.1.1&q=35&s=1899a65384ae34168fd04fbc64d4014d
Wilson Peak,"Colorado, United States, North America",https://sp-images.summitpost.org/749889.JPG?auto=format&fit=max&h=800&ixlib=php-2.1.1&q=35&s=ae3c277ae0b36bbbbb5b7c520f330834
Mount Waddington,"British Columbia, Canada, North America",https://sp-images.summitpost.org/70123.jpg?auto=format&fit=max&h=800&ixlib=php-2.1.1&q=35&s=a8a9e21d8810fd961824fc4aec916723
North Peak,"California, United States, North America",https://sp-images.summitpost.org/40335.jpg?auto=format&fit=max&h=800&ixlib=php-2.1.1&q=35&s=8966191773db42c00f2f3ce4b269ed54
Stonewall Peak,"California, United States, North America",https://sp-images.summitpost.org/24241.jpg?auto=format&fit=max&h=800&ixlib=php-2.1.1&q=35&s=b93abfcb044957e58e04a997e5e51794
Mt. Peale,"Utah, United States, North America",https://sp-images.summitpost.org/853199.JPG?auto=format&fit=max&h=800&ixlib=php-2.1.1&q=35&s=db96e4ed17d78f9626415c0c442d26d7
Mount Athabasca,"Alberta, Canada, North America",https://sp-images.summitpost.org/211791.jpg?auto=format&fit=max&h=800&ixlib=php-2.1.1&q=35&s=0d5afa58d9da202ade81dd438de7bfd3
Woodall Mountain,"Mississippi, United States, North America",https://sp-images.summitpost.org/95759.JPG?auto=format&fit=max&h=800&ixlib=php-2.1.1&q=35&s=32dfa89b23ed75abf0a687a0b01b49ee
Pack Monadnock Mountain,"New Hampshire, United States, North America",https://sp-images.summitpost.org/25611.jpg?auto=format&fit=max&h=800&ixlib=php-2.1.1&q=35&s=c6654cb37cb33c7a30d4e5705cd0957c
The Tooth,"Washington, United States, North America",https://sp-images.summitpost.org/65549.JPG?auto=format&fit=max&h=800&ixlib=php-2.1.1&q=35&s=fdb784c9aef176a2f65734ccb4a66680
Mount Osceola ,"New Hampshire, United States, North America",https://sp-images.summitpost.org/11246.JPG?auto=format&fit=max&h=800&ixlib=php-2.1.1&q=35&s=a2b362dce036e3a37b5227e2e24d0ac1
Ruth Mountain,"Washington, United States, North America",https://sp-images.summitpost.org/776975.jpg?auto=format&fit=max&h=800&ixlib=php-2.1.1&q=35&s=4eb6bd1b47eea8fb604ea60e67336f4c
Mount Democrat,"Colorado, United States, North America",https://sp-images.summitpost.org/486441.jpg?auto=format&fit=max&h=800&ixlib=php-2.1.1&q=35&s=506ece60a3a4a3710e1943c45b19801f
El Cajon Mountain,"California, United States, North America",https://sp-images.summitpost.org/71709.JPG?auto=format&fit=max&h=800&ixlib=php-2.1.1&q=35&s=4ae59ef8888bb8aeb73d5e3ce07f1108
Cuyamaca Peak,"California, United States, North America",https://sp-images.summitpost.org/612261.JPG?auto=format&fit=max&h=800&ixlib=php-2.1.1&q=35&s=25e1e3c95a9c06e6a94ecaec34e4d433
Buck Mountain,"New York, United States, North America",https://sp-images.summitpost.org/70774.JPG?auto=format&fit=max&h=800&ixlib=php-2.1.1&q=35&s=d822fc12c222b14f0608a27d949c1d8b
Grand Capucin,"France, Europe",https://sp-images.summitpost.org/221153.jpg?auto=format&fit=max&h=800&ixlib=php-2.1.1&q=35&s=74fc350ebe7fb8cd13e2a4c5e35f9214
Mount Graham,"Arizona, United States, North America",https://sp-images.summitpost.org/886536.jpg?auto=format&fit=max&h=800&ixlib=php-2.1.1&q=35&s=d05c4c7f364967678f635cc404ab1441
Vestal Peak,"Colorado, United States, North America",https://sp-images.summitpost.org/92536.jpg?auto=format&fit=max&h=800&ixlib=php-2.1.1&q=35&s=fc598384e551c3840548e62353aed92a
Culebra Peak,"Colorado, United States, North America",https://sp-images.summitpost.org/135735.jpg?auto=format&fit=max&h=800&ixlib=php-2.1.1&q=35&s=f647c171f781078c8552749a16b67d0d
Mount Kazbek,"Caucasus, Georgia, Europe",https://sp-images.summitpost.org/103498.jpg?auto=format&fit=max&h=800&ixlib=php-2.1.1&q=35&s=046074d3368248fdd8affb0e6dedaca2
Colchuck Peak,"Washington, United States, North America",https://sp-images.summitpost.org/56668.jpg?auto=format&fit=max&h=800&ixlib=php-2.1.1&q=35&s=61fa59c05577f04582cb5d9f6aa6a3d6
Pisco Oeste (Western Pisco),"Cordillera Blanca, Peru, South America",https://sp-images.summitpost.org/893893.jpg?auto=format&fit=max&h=800&ixlib=php-2.1.1&q=35&s=31ca15e3a32d0ed6ef46034555a59446
Gasherbrum IV,"Xinjiang/Baltistan, China/Pakistan, Asia",https://sp-images.summitpost.org/123112.jpg?auto=format&fit=max&h=800&ixlib=php-2.1.1&q=35&s=52cb761bbf753601e7df1e4bc61992a4
Big Slide Mountain,"New York, United States, North America",https://sp-images.summitpost.org/72729.jpg?auto=format&fit=max&h=800&ixlib=php-2.1.1&q=35&s=6674a444311095560ee9c99897274116
Mount Magazine-Signal Hill,"Arkansas, United States, North America",https://sp-images.summitpost.org/791685.jpg?auto=format&fit=max&h=800&ixlib=php-2.1.1&q=35&s=e893e59cf8c39d9982c87a072abe266e
Snowdon/Yr Wyddfa,"Snowdonia, Wales, Europe",https://sp-images.summitpost.org/382160.jpg?auto=format&fit=max&h=800&ixlib=php-2.1.1&q=35&s=e346b427fa77bf3914ff53d5ae4af899
Chief Mountain,"Colorado, United States, North America",https://sp-images.summitpost.org/95267.jpg?auto=format&fit=max&h=800&ixlib=php-2.1.1&q=35&s=71924606e7e9361692b8c4684e20d47d
Timms Hill,"Wisconsin, United States, North America",https://sp-images.summitpost.org/445706.JPG?auto=format&fit=max&h=800&ixlib=php-2.1.1&q=35&s=b194fa77927e07c042b7c076f0e57ea0
Vesper Peak,"Washington, United States, North America",https://sp-images.summitpost.org/116923.JPG?auto=format&fit=max&h=800&ixlib=php-2.1.1&q=35&s=ea02b15ae1cdb553ae7a3f7334b60017
Fremont Peak,"Wyoming, United States, North America",https://sp-images.summitpost.org/272040.jpg?auto=format&fit=max&h=800&ixlib=php-2.1.1&q=35&s=1a1bd4fe0fb27078ebe10c461eb6b227
Mount Shavano,"Colorado, United States, North America",https://sp-images.summitpost.org/24182.jpg?auto=format&fit=max&h=800&ixlib=php-2.1.1&q=35&s=c004de1caee54970e2c66b0c0b367680
Jackson Falls,"Illinois, United States, North America",https://sp-images.summitpost.org/353815.jpg?auto=format&fit=max&h=800&ixlib=php-2.1.1&q=35&s=fa96243830813bb8ff34ae5de13ecf70
Mount Abbot,"California, United States, North America",https://sp-images.summitpost.org/54296.jpg?auto=format&fit=max&h=800&ixlib=php-2.1.1&q=35&s=44569afa9742b65c24c9aed57805e389
Gasherbrum II,"Pakistan, Asia",https://sp-images.summitpost.org/75527.jpg?auto=format&fit=max&h=800&ixlib=php-2.1.1&q=35&s=b7945b6d12e6b8145383f3b619630231
Slide Mountain,"New York, United States, North America",https://sp-images.summitpost.org/31353.jpg?auto=format&fit=max&h=800&ixlib=php-2.1.1&q=35&s=56f29b2a4e6067980e1c5378cfdec2e7
Aiguille d'Argentière,"Haute Savoie (Mont Blanc), France, Europe",https://sp-images.summitpost.org/597767.jpg?auto=format&fit=max&h=800&ixlib=php-2.1.1&q=35&s=1634f6e0ef6e8cefe65b855b97357d67
Iron Mountain #1,"California, United States, North America",https://sp-images.summitpost.org/273085.JPG?auto=format&fit=max&h=800&ixlib=php-2.1.1&q=35&s=8c741555dbff3d1edf436a309631b578
Nevado de Toluca (Xinantecatl),"Mexico, Mexico, North America",https://sp-images.summitpost.org/4376.jpg?auto=format&fit=max&h=800&ixlib=php-2.1.1&q=35&s=a41b5f01adf5e2c7ec9cde1cfb7655ed
Sandia Peak,"New Mexico, United States, North America",https://sp-images.summitpost.org/37824.jpg?auto=format&fit=max&h=800&ixlib=php-2.1.1&q=35&s=f42e601747f9c646e95bdd5ad51ab35a
Sacajawea Peak,"Oregon, United States, North America",https://sp-images.summitpost.org/29425.jpg?auto=format&fit=max&h=800&ixlib=php-2.1.1&q=35&s=4db04ffd9f227dcca337289e15eba5c2
Mount Powell,"Colorado, United States, North America",https://sp-images.summitpost.org/325825.jpg?auto=format&fit=max&h=800&ixlib=php-2.1.1&q=35&s=b58bf9701cbb5aefb34e0b0e9f17ed01
Torre Sur - Torres del Paine,"Patagonia, Chile, South America",https://sp-images.summitpost.org/140216.JPG?auto=format&fit=max&h=800&ixlib=php-2.1.1&q=35&s=c271ccf63f1f9bcd772f54544dafbdd7
Cucamonga Peak,"California, United States, North America",https://sp-images.summitpost.org/15437.jpg?auto=format&fit=max&h=800&ixlib=php-2.1.1&q=35&s=0ca8196b143575e4fec268634cd739e3
Mount Eddy,"California, United States, North America",https://sp-images.summitpost.org/95232.jpg?auto=format&fit=max&h=800&ixlib=php-2.1.1&q=35&s=a870b0b21b9873224feb2da5165788cd
Little Bear Peak,"Colorado, United States, North America",https://sp-images.summitpost.org/374785.JPG?auto=format&fit=max&h=800&ixlib=php-2.1.1&q=35&s=971c2ea5423862ee255c453e6c49e6c7
Gerlachovsky Stit,"Vysoke Tatry, Slovakia, Europe",https://sp-images.summitpost.org/86313.jpg?auto=format&fit=max&h=800&ixlib=php-2.1.1&q=35&s=ea78f737cdacff2ff9f3207b666f32dc
Mount Haystack,"New York, United States, North America",https://sp-images.summitpost.org/3073.jpg?auto=format&fit=max&h=800&ixlib=php-2.1.1&q=35&s=22d20f1a68e54c634b1f817e3f13263f
Nanda Devi,"India, Asia",https://sp-images.summitpost.org/85262.jpg?auto=format&fit=max&h=800&ixlib=php-2.1.1&q=35&s=7fbb54b0a33600fc465a17ef99fa02bf
Byers Peak,"Colorado, United States, North America",https://sp-images.summitpost.org/521250.JPG?auto=format&fit=max&h=800&ixlib=php-2.1.1&q=35&s=939e7cf460150519409a30cf652396d7
Humboldt Peak,"Colorado, United States, North America",https://sp-images.summitpost.org/32391.jpg?auto=format&fit=max&h=800&ixlib=php-2.1.1&q=35&s=86dee218288b8b7688d2ddcb4a6d74b0
Hoosier Hill,"Indiana, United States, North America",https://sp-images.summitpost.org/96040.jpg?auto=format&fit=max&h=800&ixlib=php-2.1.1&q=35&s=842889dfd84cbe92168099868e8314db
Yerupaja,"Cordillera Huayhuash, Peru, South America",https://sp-images.summitpost.org/8602.jpg?auto=format&fit=max&h=800&ixlib=php-2.1.1&q=35&s=831fdd624d4bb1641caff3525e571a3b
Max Patch,"North Carolina, United States, North America",https://sp-images.summitpost.org/138575.JPG?auto=format&fit=max&h=800&ixlib=php-2.1.1&q=35&s=df469351b9101e07927f74b51401c70e
Mount Bachelor,"Oregon, United States, North America",https://sp-images.summitpost.org/3199.jpg?auto=format&fit=max&h=800&ixlib=php-2.1.1&q=35&s=c76c301e0afaf3b3c5472a0d0c72af49
Teide,"Tenerife, Spain, Africa",https://sp-images.summitpost.org/283002.jpg?auto=format&fit=max&h=800&ixlib=php-2.1.1&q=35&s=86f3326f670a54167a7f5c7db5d03967
Manaslu,"Gurkha Himal, Nepal, Asia",https://sp-images.summitpost.org/9028.jpg?auto=format&fit=max&h=800&ixlib=php-2.1.1&q=35&s=8b6fe2057c0af59660ba6694e870ad08
Snow Mountain,"California, United States, North America",https://sp-images.summitpost.org/21806.jpg?auto=format&fit=max&h=800&ixlib=php-2.1.1&q=35&s=88857587d93a78712b7f495999e52f53
Potosi Mountain,"Nevada, United States, North America",https://sp-images.summitpost.org/92425.JPG?auto=format&fit=max&h=800&ixlib=php-2.1.1&q=35&s=85eb20c1fe573b0c4c76c877659c7b71
Ibapah Peak (UT),"Utah, United States, North America",https://sp-images.summitpost.org/69518.jpg?auto=format&fit=max&h=800&ixlib=php-2.1.1&q=35&s=c33b73e7895fd643ce340f18859979a7
Zinalrothorn,"Wallis (Weisshorn), Switzerland, Europe",https://sp-images.summitpost.org/214.jpg?auto=format&fit=max&h=800&ixlib=php-2.1.1&q=35&s=4b0f2c56e7a43c14c0ab153d1545fbc7
Carstensz Pyramid,"Irian Jaya (Or Papua), Indonesia, Australia/Oceana",https://sp-images.summitpost.org/3102.jpg?auto=format&fit=max&h=800&ixlib=php-2.1.1&q=35&s=81cdaca3000e918ee2539d7f4f479fa4
High Rock,"Maryland, United States, North America",https://sp-images.summitpost.org/313250.JPG?auto=format&fit=max&h=800&ixlib=php-2.1.1&q=35&s=3b4dd55919f49feedb4adca46a5b7458
Seneca Rocks,"West Virginia, United States, North America",https://sp-images.summitpost.org/48198.jpg?auto=format&fit=max&h=800&ixlib=php-2.1.1&q=35&s=cb2c0c44d645c88994e29085d39271de
Mount Watson,"Utah, United States, North America",https://sp-images.summitpost.org/36889.JPG?auto=format&fit=max&h=800&ixlib=php-2.1.1&q=35&s=5dd1b68229362de1a89bfee8242b9988
Panorama Point,"Nebraska, United States, North America",https://sp-images.summitpost.org/272325.jpg?auto=format&fit=max&h=800&ixlib=php-2.1.1&q=35&s=657426f6fe5878e07d5add2c2900bbe7
Mount Morrison,"California, United States, North America",https://sp-images.summitpost.org/49310.jpg?auto=format&fit=max&h=800&ixlib=php-2.1.1&q=35&s=cee08d3db0e34f79c5c95ecd47fb88b6
Olancha Peak,"California, United States, North America",https://sp-images.summitpost.org/44467.JPG?auto=format&fit=max&h=800&ixlib=php-2.1.1&q=35&s=c872c602833104ec4aeb055d2c43850d
Mount Eisenhower,"New Hampshire, United States, North America",https://sp-images.summitpost.org/502410.jpg?auto=format&fit=max&h=800&ixlib=php-2.1.1&q=35&s=68c683c950607ab5151a12af87550ef7
Baboquivari Peak,"Arizona, United States, North America",https://sp-images.summitpost.org/6.jpg?auto=format&fit=max&h=800&ixlib=php-2.1.1&q=35&s=7ac6e99c9c2bb875ae3d6dc8dc70c520
Sloan Peak,"Washington, United States, North America",https://sp-images.summitpost.org/229604.JPG?auto=format&fit=max&h=800&ixlib=php-2.1.1&q=35&s=87ef0d9f13cd816cdeb317182261dded
North Baldface & South Baldface,"New Hampshire, United States, North America",https://sp-images.summitpost.org/513701.jpg?auto=format&fit=max&h=800&ixlib=php-2.1.1&q=35&s=291d39ab5a5de2b75118e2732c451aee
Mount Foraker,"Alaska, United States, North America",https://sp-images.summitpost.org/195999.jpg?auto=format&fit=max&h=800&ixlib=php-2.1.1&q=35&s=09c265c05f977008a4a21188c73199fa
Ingalls Peaks,"Washington, United States, North America",https://sp-images.summitpost.org/90310.jpg?auto=format&fit=max&h=800&ixlib=php-2.1.1&q=35&s=ca2c54575c16179bdb298067d6cf7a2d
Mount Tamalpais,"California, United States, North America",https://sp-images.summitpost.org/42522.jpg?auto=format&fit=max&h=800&ixlib=php-2.1.1&q=35&s=aeba2278a7064df070ea2c221b38c956
Mount Darwin,"California, United States, North America",https://sp-images.summitpost.org/12467.jpg?auto=format&fit=max&h=800&ixlib=php-2.1.1&q=35&s=b3fd215408518064c1e8756b43cfdffa
Hawkeye Point,"Iowa, United States, North America",https://sp-images.summitpost.org/534242.jpg?auto=format&fit=max&h=800&ixlib=php-2.1.1&q=35&s=a871a71b3a94d051da56db831a4f28b5
Mount Herman,"Colorado, United States, North America",https://sp-images.summitpost.org/127815.JPG?auto=format&fit=max&h=800&ixlib=php-2.1.1&q=35&s=ab8568a8d72e742a8267b375f7642c01
Ortler / Ortles,"Alto Adige - Südtirol, Italy, Europe",https://sp-images.summitpost.org/515743.jpg?auto=format&fit=max&h=800&ixlib=php-2.1.1&q=35&s=f0259b4a9d3b8058bc54a5cbe1986bc2
Tahquitz Rock (Lily Rock),"California, United States, North America",https://sp-images.summitpost.org/287111.jpg?auto=format&fit=max&h=800&ixlib=php-2.1.1&q=35&s=913637bbb4bd261dca3af8ebcb1970aa
Baldy Mountain (NM),"New Mexico, United States, North America",https://sp-images.summitpost.org/547220.jpg?auto=format&fit=max&h=800&ixlib=php-2.1.1&q=35&s=71afb1124e9b0cff57f5af3609e37548
Huron Peak,"Colorado, United States, North America",https://sp-images.summitpost.org/321470.jpg?auto=format&fit=max&h=800&ixlib=php-2.1.1&q=35&s=9735b3630754eae51530eafbac0ea1fc
Grand Combin,"Valais, Switzerland, Europe",https://sp-images.summitpost.org/63516.jpg?auto=format&fit=max&h=800&ixlib=php-2.1.1&q=35&s=b4910f7170fa072ffb8679392c40cd34
The Golden Hinde,"Vancouver Island/BC, Canada, North America",https://sp-images.summitpost.org/335397.jpg?auto=format&fit=max&h=800&ixlib=php-2.1.1&q=35&s=c21ce4b5c0850afebf4fe462baa2c0f7
Pyramid Peak,"Colorado, United States, North America",https://sp-images.summitpost.org/560655.jpg?auto=format&fit=max&h=800&ixlib=php-2.1.1&q=35&s=97c63ac3dead5029964b7661615b3ab4
Illiniza Norte (Iliniza Norte),"Ecuador, South America",https://sp-images.summitpost.org/573476.jpg?auto=format&fit=max&h=800&ixlib=php-2.1.1&q=35&s=143a662ef1f73a2dfddcb40a2fae2485
Pole Steeple,"Pennsylvania, United States, North America",https://sp-images.summitpost.org/82792.JPG?auto=format&fit=max&h=800&ixlib=php-2.1.1&q=35&s=d9733fc9ed24f6794cf1fe7916a40140
Pollux / Polluce,"Valle d'Aosta/Wallis, Italy/Switzerland, Europe",https://sp-images.summitpost.org/974530.jpg?auto=format&fit=max&h=800&ixlib=php-2.1.1&q=35&s=bf0dab329f9115b7ad60e9c510d231bb
Mount Pugh,"Washington, United States, North America",https://sp-images.summitpost.org/1636.JPG?auto=format&fit=max&h=800&ixlib=php-2.1.1&q=35&s=9375cb088cce7c00e39e281a91159bba
Mount Whiteface,"New Hampshire, United States, North America",https://sp-images.summitpost.org/71440.jpg?auto=format&fit=max&h=800&ixlib=php-2.1.1&q=35&s=5f72a2ce2320ecaf39eba391af5ac22a
Temple Crag,"California, United States, North America",https://sp-images.summitpost.org/68494.JPG?auto=format&fit=max&h=800&ixlib=php-2.1.1&q=35&s=acaef6f72d32df4543e2ccab9ed36bb9
Cayambe,"Ecuador, South America",https://sp-images.summitpost.org/311976.JPG?auto=format&fit=max&h=800&ixlib=php-2.1.1&q=35&s=84be8b6c034cd5564413101212f52ce4
Monte Perdido,"Huesca, Spain, Europe",https://sp-images.summitpost.org/105865.jpg?auto=format&fit=max&h=800&ixlib=php-2.1.1&q=35&s=87a9ec0d6c6becf8fb5be3f959a66ebb
Mount Superior & Monte Cristo,"Utah, United States, North America",https://sp-images.summitpost.org/13040.jpg?auto=format&fit=max&h=800&ixlib=php-2.1.1&q=35&s=f03843919b55723477b0db4554338e4b
Parinacota,"Sajama/Arica, Bolivia/Chile, South America",https://sp-images.summitpost.org/320562.jpg?auto=format&fit=max&h=800&ixlib=php-2.1.1&q=35&s=454270ea947a303e81d329665a98c9ca
Mount Rosa,"Colorado, United States, North America",https://sp-images.summitpost.org/71636.JPG?auto=format&fit=max&h=800&ixlib=php-2.1.1&q=35&s=f95e7a2aa4e3a3657514ac5ed386f8da
Mercedario,"San Juan, Argentina, South America",https://sp-images.summitpost.org/87214.jpg?auto=format&fit=max&h=800&ixlib=php-2.1.1&q=35&s=73deff2a2b4d9b69e3ef1b3c08398242
El Capitan,"Texas, United States, North America",https://sp-images.summitpost.org/241742.jpg?auto=format&fit=max&h=800&ixlib=php-2.1.1&q=35&s=fee044069c8c30093405de2c668f06ae
Baden-Powell,"California, United States, North America",https://sp-images.summitpost.org/79112.jpg?auto=format&fit=max&h=800&ixlib=php-2.1.1&q=35&s=3c8b02f89210337ca5986333877c8464
Tupungato,"Región Metropolitana, Argentina/Chile, South America",https://sp-images.summitpost.org/32480.jpg?auto=format&fit=max&h=800&ixlib=php-2.1.1&q=35&s=1419c4f47613899685866e122a320003
Challenger Point,"Colorado, United States, North America",https://sp-images.summitpost.org/43478.jpg?auto=format&fit=max&h=800&ixlib=php-2.1.1&q=35&s=a1cd99f351ff79783ed5c885bebe3e5b
Mount Colden,"New York, United States, North America",https://sp-images.summitpost.org/32734.jpg?auto=format&fit=max&h=800&ixlib=php-2.1.1&q=35&s=b41ff219d174fb77da7fba599aa755ec
Hvannadalshnukur,"Iceland, Europe",https://sp-images.summitpost.org/64864.JPG?auto=format&fit=max&h=800&ixlib=php-2.1.1&q=35&s=e3b28ffb60dbd3511d6bfd6ade8a47d8
Strawberry Mountain,"Oregon, United States, North America",https://sp-images.summitpost.org/106400.JPG?auto=format&fit=max&h=800&ixlib=php-2.1.1&q=35&s=246e7b10c1b347a50c0d5da7839cdd1a
Table Rock,"North Carolina, United States, North America",https://sp-images.summitpost.org/185531.jpg?auto=format&fit=max&h=800&ixlib=php-2.1.1&q=35&s=cf92391145e6b724008805c295632c6e
Twin Sisters Peaks,"Colorado, United States, North America",https://sp-images.summitpost.org/722840.jpg?auto=format&fit=max&h=800&ixlib=php-2.1.1&q=35&s=2ac43a2854aea912fd4d458a157a0cbb
Mount Eolus,"Colorado, United States, North America",https://sp-images.summitpost.org/831913.jpg?auto=format&fit=max&h=800&ixlib=php-2.1.1&q=35&s=b2b580f6f1619da6ce0d7b815be4e0a8
Baring Mountain,"Washington, United States, North America",https://sp-images.summitpost.org/765377.JPG?auto=format&fit=max&h=800&ixlib=php-2.1.1&q=35&s=d2a01f96eeddc0a9eb6db8f836b15af2
Hyndman Peak,"Idaho, United States, North America",https://sp-images.summitpost.org/518251.JPG?auto=format&fit=max&h=800&ixlib=php-2.1.1&q=35&s=a4407e216ec6c293032ead463b900f73
Obergabelhorn (Ober Gabelhorn),"Wallis, Switzerland, Europe",https://sp-images.summitpost.org/635818.jpg?auto=format&fit=max&h=800&ixlib=php-2.1.1&q=35&s=ae7151866a60f69aff4ab43f5794aa77
Little Annapurna,"Washington, United States, North America",https://sp-images.summitpost.org/15708.JPG?auto=format&fit=max&h=800&ixlib=php-2.1.1&q=35&s=a3db5bf6766a4a9b9c5e6fc9a0971458
Mount Jefferson,"New Hampshire, United States, North America",https://sp-images.summitpost.org/406516.jpg?auto=format&fit=max&h=800&ixlib=php-2.1.1&q=35&s=bb807c3bc06baa6347ca448ab58d7023
Monte Viso,"Piemonte, Italy, Europe",https://sp-images.summitpost.org/41241.JPG?auto=format&fit=max&h=800&ixlib=php-2.1.1&q=35&s=250cd5598463c1a95fed656cf89e0193
Mangart,"Julian Alps, Italy/Slovenia, Europe",https://sp-images.summitpost.org/69706.jpg?auto=format&fit=max&h=800&ixlib=php-2.1.1&q=35&s=a60f10a72fb90a03d799e3714255f2bb
Poke-O-Moonshine,"New York, United States, North America",https://sp-images.summitpost.org/6989.jpg?auto=format&fit=max&h=800&ixlib=php-2.1.1&q=35&s=69515d4e0566d4518ca91dc9ff2d49ce
Standing Indian Mountain,"North Carolina, United States, North America",https://sp-images.summitpost.org/88707.JPG?auto=format&fit=max&h=800&ixlib=php-2.1.1&q=35&s=4f6240f30fa0192d6f16298228199300
Kawaikini (Waialeale),"Hawaii, United States, Oceana",https://sp-images.summitpost.org/123700.jpg?auto=format&fit=max&h=800&ixlib=php-2.1.1&q=35&s=77bd298f8939909ff8e9ae625a9d0ff4
San Luis Peak,"Colorado, United States, North America",https://sp-images.summitpost.org/245655.jpg?auto=format&fit=max&h=800&ixlib=php-2.1.1&q=35&s=3c30a4243bc899f0880d7c7369610503
Hallett Peak,"Colorado, United States, North America",https://sp-images.summitpost.org/131760.jpg?auto=format&fit=max&h=800&ixlib=php-2.1.1&q=35&s=dbad7ebb48ee48afb5b4a0fc9d7af844
South Early Winters Spire,"Washington, United States, North America",https://sp-images.summitpost.org/20450.jpg?auto=format&fit=max&h=800&ixlib=php-2.1.1&q=35&s=d25e0bf870b99f7cce0184e708e0f5f0
Rakaposhi,"Northern Areas, Pakistan, Asia",https://sp-images.summitpost.org/222512.JPG?auto=format&fit=max&h=800&ixlib=php-2.1.1&q=35&s=8868af4c89a5bf9eb6cd425a7bd789b7
Whitehorse Mountain,"Washington, United States, North America",https://sp-images.summitpost.org/67940.jpg?auto=format&fit=max&h=800&ixlib=php-2.1.1&q=35&s=b500bf2d255871cd65b5b27a33b65e5b
Tofana di Rozes,"Dolomites, Italy, Europe",https://sp-images.summitpost.org/781979.JPG?auto=format&fit=max&h=800&ixlib=php-2.1.1&q=35&s=96886fcd6dd75efad4c5f250e7866bf7
Blue Job Mountain,"New Hampshire, United States, North America",https://sp-images.summitpost.org/34112.jpg?auto=format&fit=max&h=800&ixlib=php-2.1.1&q=35&s=32e24718325fb72c15e16dcbc641ea99
Machhapuchare,"Pokhara, Nepal, Asia",https://sp-images.summitpost.org/51098.jpg?auto=format&fit=max&h=800&ixlib=php-2.1.1&q=35&s=48fd5992a3552d7f39322959d0cda901
Dickerman Mountain,"Washington, United States, North America",https://sp-images.summitpost.org/145987.JPG?auto=format&fit=max&h=800&ixlib=php-2.1.1&q=35&s=f6f8f1629a3ef7bebe1817126fbb60c9
Ypsilon Mountain,"Colorado, United States, North America",https://sp-images.summitpost.org/44906.JPG?auto=format&fit=max&h=800&ixlib=php-2.1.1&q=35&s=a04b25cca89a3ce8e75f1038a81853ff
Maja Jezerce,"Malsi e Madhe, Albania, Europe",https://sp-images.summitpost.org/72502.jpg?auto=format&fit=max&h=800&ixlib=php-2.1.1&q=35&s=5c92d035874bcbeddb2a004cc19e279e
Paulina Peak / Newberry Crater,"Oregon, United States, North America",https://sp-images.summitpost.org/23816.jpg?auto=format&fit=max&h=800&ixlib=php-2.1.1&q=35&s=6a4ecb5277890b0c3fb9e0f9cf88da89
Punta Tersiva,"Aosta Valley, Italy, Europe",https://sp-images.summitpost.org/270443.jpg?auto=format&fit=max&h=800&ixlib=php-2.1.1&q=35&s=c77790d188c8abf52c5b64501af4275a
"Kinsman Mountain, South Peak","New Hampshire, United States, North America",https://sp-images.summitpost.org/78376.jpg?auto=format&fit=max&h=800&ixlib=php-2.1.1&q=35&s=5a33dc852feb498c2b869dc5d7eb44fe
Lookout Mountain (North Carolina Blue Ridge),"North Carolina, United States, North America",https://sp-images.summitpost.org/616356.JPG?auto=format&fit=max&h=800&ixlib=php-2.1.1&q=35&s=0a3d83f90dde2eabff480a8b63b59c7e
Scafell Pike,"Lake District, England, Europe",https://sp-images.summitpost.org/16734.jpg?auto=format&fit=max&h=800&ixlib=php-2.1.1&q=35&s=f3076727c86c81fb512b2b559b3cc0ed
Laila Peak,"Northern Areas, Pakistan, Asia",https://sp-images.summitpost.org/274146.JPG?auto=format&fit=max&h=800&ixlib=php-2.1.1&q=35&s=e46ff8bfc338e94f79770d52a965a181
Trapper Peak,"Montana, United States, North America",https://sp-images.summitpost.org/234691.JPG?auto=format&fit=max&h=800&ixlib=php-2.1.1&q=35&s=aaa69cd2e8559aa01453b41da72b6bb6
Marys Peak,"Oregon, United States, North America",https://sp-images.summitpost.org/196202.jpg?auto=format&fit=max&h=800&ixlib=php-2.1.1&q=35&s=0a5c95a14eda5d862131725de156e24e
Mount Pinos,"California, United States, North America",https://sp-images.summitpost.org/285417.JPG?auto=format&fit=max&h=800&ixlib=php-2.1.1&q=35&s=82806f946dae73a2e874aea167d005f1
Chief Mountain (MT),"Montana, United States, North America",https://sp-images.summitpost.org/989014.jpg?auto=format&fit=max&h=800&ixlib=php-2.1.1&q=35&s=fa7c459b88b88e706a5d6cb4a97050a0
Mount Kearsarge North (Mount Washington Valley),"New Hampshire, United States, North America",https://sp-images.summitpost.org/215342.jpg?auto=format&fit=max&h=800&ixlib=php-2.1.1&q=35&s=9f3c800941b8ca4807a7eebc24885483
Villarrica volcano,"Araucanía, Chile, South America",https://sp-images.summitpost.org/798462.JPG?auto=format&fit=max&h=800&ixlib=php-2.1.1&q=35&s=37a0566dcec395ab0036867e40fcce40
San Bernardino Peak,"California, United States, North America",https://sp-images.summitpost.org/34434.jpg?auto=format&fit=max&h=800&ixlib=php-2.1.1&q=35&s=87dd891987b9e39a672d05c45ed205ac
Sharp Top Mountain,"Virginia, United States, North America",https://sp-images.summitpost.org/882109.JPG?auto=format&fit=max&h=800&ixlib=php-2.1.1&q=35&s=72d43b0607d3685a02bf8fb03e803f94
Square Top Mountain,"Colorado, United States, North America",https://sp-images.summitpost.org/21369.jpg?auto=format&fit=max&h=800&ixlib=php-2.1.1&q=35&s=890e5e52e1fc927e120d95ad2ed77cac
Pingora Peak,"Wyoming, United States, North America",https://sp-images.summitpost.org/215586.jpg?auto=format&fit=max&h=800&ixlib=php-2.1.1&q=35&s=7619b0a9883e72310a0b54d6a593bcbb
Jalovec,"Julian Alps, Slovenia, Europe",https://sp-images.summitpost.org/267134.jpg?auto=format&fit=max&h=800&ixlib=php-2.1.1&q=35&s=073f16ecb8408544102085753247ce9f
Silver Star Mountain (Okanogan),"Washington, United States, North America",https://sp-images.summitpost.org/59742.jpg?auto=format&fit=max&h=800&ixlib=php-2.1.1&q=35&s=9dac315f6bee8542648ffc6cc78c0034
Moldoveanu,"Romania, Europe",https://sp-images.summitpost.org/742613.JPG?auto=format&fit=max&h=800&ixlib=php-2.1.1&q=35&s=31b9784d1472ab3cd1ac9e34bf0b358d
Storm King Peak,"Colorado, United States, North America",https://sp-images.summitpost.org/141488.jpg?auto=format&fit=max&h=800&ixlib=php-2.1.1&q=35&s=5c329eb29427c32d098b415c6b5ce00a
Buffalo Mountain,"Colorado, United States, North America",https://sp-images.summitpost.org/71439.JPG?auto=format&fit=max&h=800&ixlib=php-2.1.1&q=35&s=f668fd9de1d9eeac4fba20dc1a50b71d
Grizzly Peak,"Colorado, United States, North America",https://sp-images.summitpost.org/591785.jpg?auto=format&fit=max&h=800&ixlib=php-2.1.1&q=35&s=bc526cefed8e7bf90fcf4c27751231ef
